-- MySQL dump 10.13  Distrib 5.1.45, for unknown-linux-gnu (x86_64)
--
-- Host: localhost    Database: cibulbcart
-- ------------------------------------------------------
-- Server version	5.1.45-community

/*!40101 SET @OLD_CHARACTER_SET_CLIENT=@@CHARACTER_SET_CLIENT */;
/*!40101 SET @OLD_CHARACTER_SET_RESULTS=@@CHARACTER_SET_RESULTS */;
/*!40101 SET @OLD_COLLATION_CONNECTION=@@COLLATION_CONNECTION */;
/*!40101 SET NAMES utf8 */;
/*!40103 SET @OLD_TIME_ZONE=@@TIME_ZONE */;
/*!40103 SET TIME_ZONE='+00:00' */;
/*!40014 SET @OLD_UNIQUE_CHECKS=@@UNIQUE_CHECKS, UNIQUE_CHECKS=0 */;
/*!40014 SET @OLD_FOREIGN_KEY_CHECKS=@@FOREIGN_KEY_CHECKS, FOREIGN_KEY_CHECKS=0 */;
/*!40101 SET @OLD_SQL_MODE=@@SQL_MODE, SQL_MODE='NO_AUTO_VALUE_ON_ZERO' */;
/*!40111 SET @OLD_SQL_NOTES=@@SQL_NOTES, SQL_NOTES=0 */;

--
-- Table structure for table `cart_item`
--

DROP TABLE IF EXISTS `cart_item`;
/*!40101 SET @saved_cs_client     = @@character_set_client */;
/*!40101 SET character_set_client = utf8 */;
CREATE TABLE `cart_item` (
  `user_id` int(10) NOT NULL,
  `energy_saving_bulb_id` int(10) NOT NULL,
  `quantity` int(10) NOT NULL,
  `created_on` datetime DEFAULT NULL,
  `updated_on` datetime DEFAULT NULL,
  `id` int(10) NOT NULL AUTO_INCREMENT,
  PRIMARY KEY (`id`)
) ENGINE=MyISAM AUTO_INCREMENT=82 DEFAULT CHARSET=latin1;
/*!40101 SET character_set_client = @saved_cs_client */;

--
-- Dumping data for table `cart_item`
--

LOCK TABLES `cart_item` WRITE;
/*!40000 ALTER TABLE `cart_item` DISABLE KEYS */;
INSERT INTO `cart_item` VALUES (89,2,7,'2010-07-27 14:26:28','2010-08-09 19:37:33',46),(89,1,3,'2010-07-27 14:26:26','2010-08-12 21:30:58',45),(55,2,7,'2010-07-25 21:22:55','2010-08-09 19:37:33',16),(1,1,1,'2010-08-19 01:04:45','2010-08-19 01:04:45',81);
/*!40000 ALTER TABLE `cart_item` ENABLE KEYS */;
UNLOCK TABLES;

--
-- Table structure for table `editable_page`
--

DROP TABLE IF EXISTS `editable_page`;
/*!40101 SET @saved_cs_client     = @@character_set_client */;
/*!40101 SET character_set_client = utf8 */;
CREATE TABLE `editable_page` (
  `id` int(10) NOT NULL AUTO_INCREMENT,
  `name` varchar(255) NOT NULL,
  `title` varchar(255) NOT NULL,
  `content` mediumtext NOT NULL,
  `created_on` datetime DEFAULT NULL,
  `updated_on` datetime DEFAULT NULL,
  `html` int(1) NOT NULL DEFAULT '0',
  PRIMARY KEY (`id`),
  UNIQUE KEY `name` (`name`)
) ENGINE=MyISAM AUTO_INCREMENT=3 DEFAULT CHARSET=latin1;
/*!40101 SET character_set_client = @saved_cs_client */;

--
-- Dumping data for table `editable_page`
--

LOCK TABLES `editable_page` WRITE;
/*!40000 ALTER TABLE `editable_page` DISABLE KEYS */;
INSERT INTO `editable_page` VALUES (1,'controls','Controls','<p>Lighting can be controlled manually or through partial or complete automation. It is important to get the correct balance between relying too heavily on occupants to remember to switch light on and off appropriately, and removing any control occupants have which can often lead to frustration. In severe cases, automated systems may be tampered with and over ridden, increasing the energy consumption by disabling any means by which to turn lights off.</p>\n\n<p>The list below shows the most common forms of lighting control used in the UK. These options can be used independently or grouped together to provide more (or less) automation:</p>\n\n<ul>\n<li>Timer controls</li>\n<li>PIR controls (motion sensors)</li>\n<li>Lux controls (lighting level sensors)</li>\n<li>Dimmer switches</li>\n<li>Light switches</li>\n</ul>        ',NULL,'2010-08-13 00:53:03',1),(2,'developments','Developments','<h2>Energy Efficient Lighting</h2>\n\n<p>Improving the energy efficiency of your lighting systems comes down to the type of light bulbs you use and the way that you control the operation of those light bulbs. The first of these factors is about selecting low energy alternatives to traditional light bulbs which use less energy to create the same light output. The second factor is about ensuring that lights are only used in areas and at times that they are needed.</p>\n\n<h3>Low energy light bulbs</h3>\n\n<p>Light bulb technology has moved on significantly in recent years and is still developing rapidly. If appropriately selected, low energy light bulbs can provide exactly the same functionality as traditional light bulbs, with substantially lower energy demands. Low energy alternatives to traditional bulbs are very often now available with the same light intensity, colour output, look and dim-ability. Good quality low energy bulbs can warm up instantly, avoiding the initial dimness originally associated with them. Additionally, low energy light bulbs generally have a much longer life expectancy than traditional bulbs, reducing the payback period through reduce purchase and maintenance costs.</p>\n\n<figure id=\"1\">\n<table>\n  <tr><th>Traditional bulbs</th>  <th>Low energy alternatives</th></tr>\n  <tr><td>25W</td>                <td>5-7W</td></tr>\n  <tr><td>40W</td>                <td>8-9W</td></tr>\n  <tr><td>60W</td>                <td>11-14W</td></tr>\n  <tr><td>100W</td>               <td>20-23W</td></tr>\n</table>\n<legend>Figure 1: comparative electricity use of traditional and low energy alternative light bulbs.</legend>\n</figure>\n\n<p>Ten key points for efficient lighting operation:</p>\n\n<ol>\n  <li>Automated on/off periods should be set according to the current occupancy patterns of the area being lit.</li>\n  <li>PIR sensors should be located in appropriate positions. They should not be placed where they will be triggered unnecessarily. They should also be placed appropriate to the zone they are controlling.</li>\n  <li>PIR .on. periods should be set appropriately so that they switch off shortly after the space has become unoccupied, but not so quickly that there is a chance they will switch off while someone is sitting stationary in the room.</li>\n  <li>Lux level sensors should be located in appropriate positions. They should measure light levels in the dimmest area of the room to ensure this part always has sufficient light. Alternatively, the dimmest area could benefit from extra localised lighting so that the rest of the area is not over lit by the lux level sensor compensating for this part of the room. </li>\n  <li>Where occupants require different lighting levels, install localised luminaires, such as desk lamps, to provide increased lighting levels only as needed. </li>\n  <li>Consider removing dimmer switches if not completely necessary to the function of the room. Contrary to popular belief, reducing the light output by using a dimmer switch can actually increase the electricity consumption of the bulb, and decrease its life expectancy. </li>\n  <li>Use stickers next to light switches to remind occupants to switch the lights off when the area is not being used. </li>\n  <li>Consider re-wiring luminaires so that they can be switched on in rows parallel to any natural light sources. This will allow occupants furthest away from windows to have artificial lighting when those sitting nearest to the windows don.t necessarily need it on. Label banks of light switches to allow occupants to easily identify only those lights which they need to have switched on.</li>\n  <li>Always maximise the natural light available through windows and sky lights. Ensure that glazing is cleaned regularly and encourage staff to keep blinds open. If glare is an issue, consider fitting solar film to the affected windows. </li>\n</ol>\n\n<p>Communicate all control set ups to occupants so that they are aware of the reasons behind any changes and understand why and how the lights are being controlled in the way they are. This should help to reduce any potential occupant dissatisfaction caused by the perception of having no control over lighting.</p>\n',NULL,NULL,1);
/*!40000 ALTER TABLE `editable_page` ENABLE KEYS */;
UNLOCK TABLES;

--
-- Table structure for table `energy_saving_bulb`
--

DROP TABLE IF EXISTS `energy_saving_bulb`;
/*!40101 SET @saved_cs_client     = @@character_set_client */;
/*!40101 SET character_set_client = utf8 */;
CREATE TABLE `energy_saving_bulb` (
  `id` int(10) NOT NULL AUTO_INCREMENT,
  `name` varchar(255) NOT NULL,
  `wattage` varchar(255) DEFAULT NULL,
  `voltage` varchar(255) DEFAULT NULL,
  `fitting_cap` varchar(255) DEFAULT NULL,
  `finish` varchar(255) DEFAULT NULL,
  `length_mm` int(10) DEFAULT NULL,
  `diameter` int(10) DEFAULT NULL,
  `rated_life` varchar(255) DEFAULT NULL,
  `energy_rating` varchar(255) DEFAULT NULL,
  `lumen_out` int(10) DEFAULT NULL,
  `to_be_banned` int(1) DEFAULT NULL,
  `colour_temp` varchar(255) DEFAULT NULL,
  `dimmable` int(1) DEFAULT NULL,
  `lower_price` float NOT NULL,
  `beam_angle` varchar(255) DEFAULT NULL,
  `intensity` varchar(255) DEFAULT NULL,
  `no_leds` int(10) DEFAULT NULL,
  `equivalent_to` varchar(255) DEFAULT NULL,
  `upper_price` float DEFAULT NULL,
  `created_on` datetime DEFAULT NULL,
  `updated_on` datetime DEFAULT NULL,
  `requires_adapter` int(1) NOT NULL DEFAULT '0',
  PRIMARY KEY (`id`)
) ENGINE=MyISAM AUTO_INCREMENT=42 DEFAULT CHARSET=latin1;
/*!40101 SET character_set_client = @saved_cs_client */;

--
-- Dumping data for table `energy_saving_bulb`
--

LOCK TABLES `energy_saving_bulb` WRITE;
/*!40000 ALTER TABLE `energy_saving_bulb` DISABLE KEYS */;
INSERT INTO `energy_saving_bulb` VALUES (1,'Philips Softone 6 year Energy Saver 8W BC','8W','240V','Bayonet Cap B22d','827 Warm Light',166,55,'6000hrs','A',380,0,'2700K',0,8.8,'','',0,'40W',10.1,'2010-07-25 00:30:00','2010-07-25 00:30:00',1),(2,'Philips Softone 6 year Energy Saver 8W ES','8W','240V','27mm Edison Screw (E27)','827 Warm Light',166,55,'6000hrs','A',380,0,'2700K',0,8.8,'','',0,'40W',NULL,'2010-07-25 00:30:00','2010-07-25 00:30:00',0),(3,'Philips Softone 6 year Energy Saver 12W BC','12W','240V','Bayonet Cap B22d','827 Warm Light',110,58,'6000hrs','A',610,0,'2700K',0,8.8,'','',0,'60W',NULL,'2010-07-25 00:30:00','2010-07-25 00:30:00',0),(4,'Philips Softone 6 year Energy Saver 12W ES','12W','240V','27mm Edison Screw (E27)','827 Warm Light',110,58,'6000hrs','A',610,0,'2700K',0,8.8,'','',0,'60W',NULL,'2010-07-25 00:30:00','2010-07-25 00:30:00',0),(5,'Philips Softone 6 year Energy Saver 16W BC','16W','240V','Bayonet Cap B22d','827 Warm Light',110,58,'6000hrs','A',815,0,'2700K',0,8.8,'','',0,'75W',NULL,'2010-07-25 00:30:00','2010-07-25 00:30:00',0),(6,'Philips Softone 6 year Energy Saver 16W ES','16W','240V','27mm Edison Screw (E27)','827 Warm Light',110,58,'6000hrs','A',815,0,'2700K',0,8.8,'','',0,'75W',NULL,'2010-07-25 00:30:00','2010-07-25 00:30:00',0),(7,'Philips Softone 6 year Energy Saver 20W BC','20W','240V','Bayonet Cap B22d','827 Warm Light',130,65,'6000hrs','A',1160,0,'2700K',0,8.8,'','',0,'100W',NULL,'2010-07-25 00:30:00','2010-07-25 00:30:00',0),(8,'Philips Softone 6 year Energy Saver 20W ES','20W','240V','27mm Edison Screw (E27)','827 Warm Light',130,65,'6000hrs','A',1160,0,'2700K',0,8.8,'','',0,'100W',NULL,'2010-07-25 00:30:00','2010-07-25 00:30:00',0),(9,'Megaman GLS Dimmerable 11W B22d/BC Warm White','11W','240V','Bayonet Cap B22d','827 Warm Light',112,60,'10000hrs','A',570,0,'2700K',1,10.44,'','',0,'60W',11.6,'2010-07-25 00:30:00','2010-07-25 00:30:00',0),(10,'Megaman GLS Dimmerable 11W E27/ES Warm White','11W','240V','27mm Edison Screw (E27)','827 Warm Light',112,60,'10000hrs','A',570,0,'2700K',1,10.44,'','',0,'60W',11.6,'2010-07-25 00:30:00','2010-07-25 00:30:00',0),(11,'Megaman Ultra Compact Classic 11W BC/B22d Warm White ','11W','240V','Bayonet Cap B22d','827 Warm Light',102,55,'15000hrs','A',570,0,'2700K',0,11.38,'','',0,'60W',12.63,'2010-07-25 00:30:00','2010-07-25 00:30:00',0),(12,'Megaman Ping Pong 7W BC/B22d Warm White','7W','240V','Bayonet Cap B22d','827 Extra Warm White',72,45,'15000hrs','A',286,0,'2700K',0,8,'','',0,'35W',2010,'0000-00-00 00:00:00','2010-07-25 00:30:00',0),(13,'Megaman Ping Pong 7W SES/E14 Warm White','7W','240V','14mm Small Edison Screw (E14)','827 Extra Warm White',83,45,'15000hrs','A',286,0,'2700K',0,8,'','',0,'35W',8.88,'2010-07-25 00:30:00','2010-07-25 00:30:00',0),(14,'Megaman Ping Pong 7W ES/E27Warm White','7W','240V','27mm Edison Screw (E27)','827 Extra Warm White',73,45,'15000hrs','A',286,0,'2700K',0,8,'','',0,'35W',8.88,'2010-07-25 00:30:00','2010-07-25 00:30:00',0),(15,'Megaman Ping Pong 7W SBC/B15d Warm White','7W','240V','Small Bayonet Cap B15d','827 Extra Warm White',83,45,'15000hrs','A',286,0,'2700K',0,8,'','',0,'35W',8.88,'2010-07-25 00:30:00','2010-07-25 00:30:00',0),(16,'Megaman Globe 20W ES/E27 Warm White','20W','240V','27mm Edison Screw (E27)','827 Extra Warm White',149,98,'10000hrs','B',1000,0,'2700K',0,9.11,'','',0,'100W',10.1,'2010-07-25 00:30:00','2010-07-25 00:30:00',0),(17,'Megaman Globe 20W BC/B22d Warm White','20W','240V','Bayonet Cap B22d','828 Extra Warm White',149,98,'10000hrs','B',1000,0,'2700K',0,9.11,'','',0,'100W',10.1,'2010-07-25 00:30:00','2010-07-25 00:30:00',0),(18,'Philips Softone 6 year Energy Saver 8W BC','8W','240V','Bayonet Cap B22d','827 Warm White',116,55,'60000hrs','A',379,0,'2700K',0,8.8,'','',0,'40W',NULL,'2010-07-25 00:30:00','2010-07-25 00:30:00',0),(19,'Philips Softone 6 year Energy Saver 8W ES','8W','240V','27mm Edison Screw (E27)','827 Warm White',116,55,'60000hrs','A',380,0,'2700K',0,8.8,'','',0,'40W',NULL,'2010-07-25 00:30:00','2010-07-25 00:30:00',0),(20,'Philips Softone 6 year Energy Saver 12W BC','12W','240V','Bayonet Cap B22d','827 Warm White',110,58,'60000hrs','A',610,0,'2700K',0,8.8,'','',0,'60W',NULL,'2010-07-25 00:30:00','2010-07-25 00:30:00',0),(21,'Philips Softone 6 year Energy Saver 12W ES','12W','240V','27mm Edison Screw (E27)','827 Warm White',110,58,'60000hrs','A',610,0,'2700K',0,8.8,'','',0,'60W',NULL,'2010-07-25 00:30:00','2010-07-25 00:30:00',0),(22,'Philips Softone 6 year Energy Saver 16W BC','16W','240V','Bayonet Cap B22d','827 Warm White',110,58,'60000hrs','A',815,0,'2700K',0,8.8,'','',0,'75W',NULL,'2010-07-25 00:30:00','2010-07-25 00:30:00',0),(23,'Philips Softone 6 year Energy Saver 16W ES','16W','240V','27mm Edison Screw (E27)','827 Warm White',110,58,'60000hrs','A',815,0,'2700K',0,8.8,'','',0,'75W',NULL,'2010-07-25 00:30:00','2010-07-25 00:30:00',0),(24,'Philips Softone 6 year Energy Saver 20W BC','20W','240V','Bayonet Cap B22d','827 Warm White',130,65,'60000hrs','A',1160,0,'2700K',0,8.8,'','',0,'100W',NULL,'2010-07-25 00:30:00','2010-07-25 00:30:00',0),(25,'Philips Softone 6 year Energy Saver 20W ES','20W','240V','27mm Edison Screw (E27)','827 Warm White',130,65,'60000hrs','A',1160,0,'2700K',0,8.8,'','',0,'100W',NULL,'2010-07-25 00:30:00','2010-07-25 00:30:00',0),(26,'Megaman Candle 7W ES/E27 Warm White','7W','240V','27mm Edison Screw (E27)','827 Extra Warm White',96,37,'15000hrs','A',286,0,'2700K',0,6.86,'','',0,'35W',7.6,'2010-07-25 00:30:00','2010-07-25 00:30:00',0),(27,'Megaman Candle 7W BC/B22d Warm White','7W','240V','Bayonet Cap B22d','827 Extra Warm White',96,37,'15000hrs','A',286,0,'2700K',0,6.86,'','',0,'35W',7.6,'2010-07-25 00:30:00','2010-07-25 00:30:00',0),(28,'Megaman Candle 7W SES/E14 Warm White','7W','240V','14mm Small Edison Screw (E14)','827 Extra Warm White',99,37,'15000hrs','A',286,0,'2700K',0,6.86,'','',0,'35W',7.6,'2010-07-25 00:30:00','2010-07-25 00:30:00',0),(29,'Megaman Candle 7W SBC/B15d Warm White','7W','240V','Small Bayonet Cap (B15d)','827 Extra Warm White',99,37,'15000hrs','A',286,0,'2700K',0,6.86,'','',0,'35W',7.6,'2010-07-25 00:30:00','2010-07-25 00:30:00',0),(30,'Megaman Candle 9W BC/B22d Warm White','9W','240V','Bayonet Cap B22d','827 Extra Warm White',104,37,'15000hrs','A',405,0,'2700K',0,7.31,'','',0,'45W',8.1,'2010-07-25 00:30:00','2010-07-25 00:30:00',0),(31,'Megaman Candle 9W SES/E14 Warm White','9W','240V','14mm Small Edison Screw (E14)','827 Extra Warm White',104,37,'15000hrs','A',405,0,'2700K',0,7.31,'','',0,'45W',8.1,'2010-07-25 00:30:00','2010-07-25 00:30:00',0),(32,'Megaman Candle 9W SBC/B15d Warm White','9W','240V','Small Bayonet Cap (B15d)','827 Extra Warm White',108,37,'15000hrs','A',405,0,'2700K',0,7.31,'','',0,'45W',8.1,'2010-07-25 00:30:00','2010-07-25 00:30:00',0),(33,'Megaman Globe 20W ES/E27 Warm White','20W','240V','27mm Edison Screw (E27)','827 Extra Warm White',149,98,'10000hrs','B',1000,0,'2700K',0,9.11,'','',0,'100W',10.1,'2010-07-25 00:30:00','2010-07-25 00:30:00',0),(34,'Megaman Globe 20W BC/B22d Warm White','20W','240V','Bayonet Cap B22d','827 Extra Warm White',149,98,'10000hrs','B',1000,0,'2700K',0,9.11,'','',0,'100W',10.1,'2010-07-25 00:30:00','2010-07-25 00:30:00',0),(35,'Megaman Ping Pong 7W BC/B22d Warm White','7W','240V','Bayonet Cap B22d','827 Extra Warm White',72,45,'15000hrs','A',286,0,'2700K',0,8,'','',0,'35W',8.8,'2010-07-25 00:30:00','2010-07-25 00:30:00',0),(36,'Megaman Ping Pong 7W SES/E14 Warm White','7W','240V','14mm Small Edison Screw (E14)','827 Extra Warm White',83,45,'15000hrs','A',286,0,'2700K',0,8,'','',0,'35W',8.8,'2010-07-25 00:30:00','2010-07-25 00:30:00',0),(37,'Megaman Ping Pong 7W ES/E27 Warm White','7W','240V','27mm Edison Screw (E27)','827 Extra Warm White',73,45,'15000hrs','A',286,0,'2700K',0,8,'','',0,'35W',8.8,'2010-07-25 00:30:00','2010-07-25 00:30:00',0),(38,'Megaman Ping Pong 7W SBC/B15d Warm White','7W','240V','Small Bayonet Cap (B15d)','827 Extra Warm White',83,45,'15000hrs','A',286,0,'2700K',0,8,'','',0,'35W',8.8,'2010-07-25 00:30:00','2010-07-25 00:30:00',0),(39,'Megaman Ultra Compact Classic 11W BC/B22d Warm White','11W','240V','Bayonet Cap B22d','827 Warm White',102,55,'15000hrs','A',570,0,'2700K',0,11.38,'','',0,'60W',12.63,'2010-07-25 00:30:00','2010-07-25 00:30:00',0),(40,'Bell Energy Saver Candle 7W BC/B22d Amber','7W','240V','Bayonet Cap B22d','Amber',110,40,'','',0,0,'',0,6.01,'','',0,'',6.68,'2010-07-25 00:30:00','2010-07-25 00:30:00',0),(41,'Bell Energy Saver Candle 7W BC/B22d Pink','7W','240V','Bayonet Cap B22d','Pink',110,40,'','',0,0,'',0,6.01,'','',0,'',6.68,'2010-07-25 00:30:00','2010-07-25 00:30:00',0);
/*!40000 ALTER TABLE `energy_saving_bulb` ENABLE KEYS */;
UNLOCK TABLES;

--
-- Table structure for table `energy_saving_bulb_non_energy_saving_bulb`
--

DROP TABLE IF EXISTS `energy_saving_bulb_non_energy_saving_bulb`;
/*!40101 SET @saved_cs_client     = @@character_set_client */;
/*!40101 SET character_set_client = utf8 */;
CREATE TABLE `energy_saving_bulb_non_energy_saving_bulb` (
  `non_energy_saving_bulb_id` int(10) NOT NULL,
  `energy_saving_bulb_id` int(10) NOT NULL
) ENGINE=MyISAM DEFAULT CHARSET=latin1;
/*!40101 SET character_set_client = @saved_cs_client */;

--
-- Dumping data for table `energy_saving_bulb_non_energy_saving_bulb`
--

LOCK TABLES `energy_saving_bulb_non_energy_saving_bulb` WRITE;
/*!40000 ALTER TABLE `energy_saving_bulb_non_energy_saving_bulb` DISABLE KEYS */;
INSERT INTO `energy_saving_bulb_non_energy_saving_bulb` VALUES (1,1),(1,2),(1,3);
/*!40000 ALTER TABLE `energy_saving_bulb_non_energy_saving_bulb` ENABLE KEYS */;
UNLOCK TABLES;

--
-- Table structure for table `login_key`
--

DROP TABLE IF EXISTS `login_key`;
/*!40101 SET @saved_cs_client     = @@character_set_client */;
/*!40101 SET character_set_client = utf8 */;
CREATE TABLE `login_key` (
  `id` int(10) NOT NULL AUTO_INCREMENT,
  `user_id` int(10) NOT NULL,
  `unique_key` varchar(255) NOT NULL,
  `expires` datetime NOT NULL,
  `created_on` datetime DEFAULT NULL,
  `updated_on` datetime DEFAULT NULL,
  PRIMARY KEY (`id`),
  UNIQUE KEY `unique_key` (`unique_key`)
) ENGINE=MyISAM AUTO_INCREMENT=18 DEFAULT CHARSET=latin1;
/*!40101 SET character_set_client = @saved_cs_client */;

--
-- Dumping data for table `login_key`
--

LOCK TABLES `login_key` WRITE;
/*!40000 ALTER TABLE `login_key` DISABLE KEYS */;
/*!40000 ALTER TABLE `login_key` ENABLE KEYS */;
UNLOCK TABLES;

--
-- Table structure for table `non_energy_saving_bulb`
--

DROP TABLE IF EXISTS `non_energy_saving_bulb`;
/*!40101 SET @saved_cs_client     = @@character_set_client */;
/*!40101 SET character_set_client = utf8 */;
CREATE TABLE `non_energy_saving_bulb` (
  `id` int(10) NOT NULL AUTO_INCREMENT,
  `name` varchar(255) NOT NULL,
  `wattage` varchar(255) DEFAULT NULL,
  `voltage` varchar(255) DEFAULT NULL,
  `fitting_cap` varchar(255) DEFAULT NULL,
  `finish` varchar(255) DEFAULT NULL,
  `length_mm` int(10) DEFAULT NULL,
  `diameter` int(10) DEFAULT NULL,
  `rated_life` varchar(255) DEFAULT NULL,
  `energy_rating` varchar(255) DEFAULT NULL,
  `lumen_out` int(10) DEFAULT NULL,
  `to_be_banned` int(1) DEFAULT NULL,
  `colour_temp` varchar(255) DEFAULT NULL,
  `dimmable` int(1) DEFAULT NULL,
  `typical_price` varchar(255) DEFAULT NULL,
  `beam_angle` varchar(255) DEFAULT NULL,
  `intensity` varchar(255) DEFAULT NULL,
  `no_leds` int(10) DEFAULT NULL,
  PRIMARY KEY (`id`)
) ENGINE=MyISAM AUTO_INCREMENT=257 DEFAULT CHARSET=latin1;
/*!40101 SET character_set_client = @saved_cs_client */;

--
-- Dumping data for table `non_energy_saving_bulb`
--

LOCK TABLES `non_energy_saving_bulb` WRITE;
/*!40000 ALTER TABLE `non_energy_saving_bulb` DISABLE KEYS */;
INSERT INTO `non_energy_saving_bulb` VALUES (1,'GLS 15W ES Clear','15W','240V','27mm Edison Screw (E27)','Clear',105,60,'1000hrs','',105,0,'',0,'94p','','',0),(2,'GLS 240V 75W ES Pearl','75W','240V','27mm Edison Screw (E27)','Pearl',105,60,'','',930,0,'',0,'86p>90p','','',0),(3,'GLS 15W BC Clear','15W','240V','Bayonet Cap B22d','Clear',105,60,'','',110,0,'',0,'96p','','',0),(4,'GLS 15W BC Pearl','15W','240V','Bayonet Cap B22d','Peal',105,60,'','',110,0,'',0,'96p','','',0),(5,'GLS 25W BC Clear','25W','240V','Bayonet Cap B22d','Clear',87,50,'','',230,0,'',0,'96p','','',0),(6,'GLS 25W BC Pearl','25W','240V','Bayonet Cap B22d','Pearl',87,50,'','',230,0,'',0,'96p','','',0),(7,'GLS 25W ES Clear','25W','240V','27mm Edison Screw (E27)','Clear',87,50,'','',230,0,'',0,'96p','','',0),(8,'GLS 25W ES Pearl','25W','240V','27mm Edison Screw (E27)','Pearl',87,50,'','',230,0,'',0,'96p','','',0),(9,'GLS 40W BC Pearl','40W','240V','Bayonet Cap B22d','Pearl',87,50,'','',415,0,'',0,'96p','','',0),(10,'GLS 60W BC Pearl','60W','240V','Bayonet Cap B22d','Pearl',87,50,'','',710,0,'',0,'96p','','',0),(11,'GLS 100W BC Pearl','100W','240V','Bayonet Cap B22d','Pearl',87,50,'','',1340,0,'',0,'96p','','',0),(12,'GLS 40W BC Clear','40W','240V','Bayonet Cap B22d','Clear',87,50,'','',415,0,'',0,'96p','','',0),(13,'GLS 60W BC Clear','60W','240V','Bayonet Cap B22d','Clear',87,50,'','',710,0,'',0,'96p','','',0),(14,'GLS 40W ES Pearl','40W ','240V','27mm Edison Screw (E27)','Pearl',87,50,'','',415,0,'',0,'96p','','',0),(15,'GLS 60W ES Pearl','60W ','240V','27mm Edison Screw (E27)','Pearl',87,50,'','',710,0,'',0,'96p','','',0),(16,'GLS 100W ES Pearl','100W','240V','27mm Edison Screw (E27)','Pearl',87,50,'','',1340,0,'',0,'96p','','',0),(17,'GLS 40W ES Clear','40W','240V','27mm Edison Screw (E27)','Clear',87,50,'','',415,0,'',0,'96p','','',0),(18,'GLS 60W ES Clear','60W','240V','27mm Edison Screw (E27)','Clear',87,50,'','',710,0,'',0,'96p','','',0),(19,'GLS 100w ES Clear','100W','240V','27mm Edison Screw (E27)','Clear',87,50,'','',1360,0,'',0,'96p','','',0),(20,'GLS 75W BC Pearl','75W','240V','Bayonet Cap B22d','Pearl',105,60,'','',765,0,'',0,'96p','','',0),(21,'GLS 15W ES Pearl','15W','240V','27mm Edison Screw (E27)','Pearl',105,60,'','',90,0,'',0,'£1.81','','',0),(22,'GLS 10W BC Pearl','10W','240V','Bayonet Cap B22d','Pearl',105,60,'','',70,0,'',0,'£1.81','','',0),(23,'GLS 75W BC Clear','75W','240V','Bayonet Cap B22d','Clear',105,60,'1000hrs','',930,0,'',0,'£1.94','','',0),(24,'GLS 75W ES Clear','75W','240V','27mm Edison Screw (E27)','Clear',105,60,'1000hrs','',930,0,'',0,'£1.94','','',0),(25,'GLS 150W BC Clear','150W','240V','Bayonet Cap B22d','Clear',120,65,'','',2140,0,'',0,'£1.89>£2.10','','',0),(26,'GLS 150W BC Pearl','150W','240V','Bayonet Cap B22d','Pearl',120,65,'','',2140,0,'',0,'£2.10','','',0),(27,'GLS 150W ES Pearl','150W','240V','27mm Edison Screw (E27)','Pearl',120,65,'','',1800,0,'',0,'£1.89>£2.10','','',0),(28,'GLS 200W BC Pearl','200W','240V','Bayonet Cap B22d','Pearl',160,80,'','',2990,0,'',0,'£2.92>£3.25','','',0),(29,'GLS 200W BC Clear','200W','240V','Bayonet Cap B22d','Clear',160,80,'1000hrs','',2990,0,'',0,'£2.92>£3.26','','',0),(30,'GLS Triplelife 25W BC Clear','25W','240V','Bayonet Cap B22d','Clear',105,60,'3500hrs','',170,0,'',0,'£1.55','','',0),(31,'GLS Triplelife 40W BC Clear','40W','240V','Bayonet Cap B22d','Clear',105,60,'3500hrs','',350,0,'',0,'£1.55','','',0),(32,'GLS Triplelife 60W BC Clear','60W','240V','Bayonet Cap B22d','Clear',105,60,'3500hrs','',600,0,'',0,'£1.55','','',0),(33,'GLS Triplelife 100W BC Clear','100W','240V','Bayonet Cap B22d','Clear',105,60,'3500hrs','',1090,0,'',0,'£1.55','','',0),(34,'GLS Triplelife 25W BC Pearl','25W','240V','Bayonet Cap B22d','Pearl',105,60,'3500hrs','',170,0,'',0,'£1.55','','',0),(35,'GLS Triplelife 40W BC Pearl','40W','240V','Bayonet Cap B22d','Pearl',105,60,'3500hrs','',350,0,'',0,'£1.55','','',0),(36,'GLS Triplelife 60W BC Pearl','60W','240V','Bayonet Cap B22d','Pearl',105,60,'3500hrs','',600,0,'',0,'£1.55','','',0),(37,'GLS Triplelife 100W BC Pearl','100W','240V','Bayonet Cap B22d','Pearl',105,60,'3500hrs','',1090,0,'',0,'£1.55','','',0),(38,'GLS Triplelife 40W ES Pearl','40W','240V','27mm Edison Screw (E27)','Pearl',105,60,'3500hrs','',350,0,'',0,'£1.55','','',0),(39,'GLS Triplelife 60W ES Pearl','60W','240V','27mm Edison Screw (E27)','Pearl',105,60,'3500hrs','',600,0,'',0,'£1.55','','',0),(40,'GLS Triplelife 100W ES Pearl','100W','240V','27mm Edison Screw (E27)','Pearl',105,60,'3500hrs','',1090,0,'',0,'£1.55','','',0),(41,'GLS 25W BC Yellow','25W','240V','Bayonet Cap B22d','Yellow',105,60,'','',0,0,'',0,'£1.22>£1.35','','',0),(42,'GLS 25W BC Blue','25W','240V','Bayonet Cap B22d','Blue',105,60,'','',0,0,'',0,'£1.22>£1.35','','',0),(43,'GLS 25W BC Green','25W','240V','Bayonet Cap B22d','Green',105,60,'','',0,0,'',0,'£1.22>£1.35','','',0),(44,'GLS 25W BC Pink','25W','240V','Bayonet Cap B22d','Pink',105,60,'','',0,0,'',0,'£1.22>£1.35','','',0),(45,'GLS 25W BC Red','25W','240V','Bayonet Cap B22d','Red',105,60,'','',0,0,'',0,'£1.22>£1.35','','',0),(46,'GLS 25W BC Amber','25W','240V','Bayonet Cap B22d','Amber',105,60,'','',0,0,'',0,'£1.22>£1.35','','',0),(47,'GLS 40W BC Yellow','40W','240V','Bayonet Cap B22d','Yellow',105,60,'','',0,0,'',0,'£1.22>£1.35','','',0),(48,'GLS 40W BC Blue','40W','240V','Bayonet Cap B22d','Blue',105,60,'','',0,0,'',0,'£1.22>£1.35','','',0),(49,'GLS 40W BC Green','40W','240V','Bayonet Cap B22d','Green',105,60,'','',0,0,'',0,'£1.22>£1.35','','',0),(50,'GLS 40W BC Pink','40W','240V','Bayonet Cap B22d','Pink',105,60,'','',0,0,'',0,'£1.22>£1.35','','',0),(51,'GLS 40W BC Red','40W','240V','Bayonet Cap B22d','Red',105,60,'','',0,0,'',0,'£1.22>£1.35','','',0),(52,'GLS 40W BC Amber','40W','240V','Bayonet Cap B22d','Amber',105,60,'','',0,0,'',0,'£1.22>£1.35','','',0),(53,'GLS 60W BC Yellow','40W','240V','Bayonet Cap B22d','Yellow',105,60,'','',0,0,'',0,'£1.22>£1.35','','',0),(54,'GLS 60W BC Blue','40W','240V','Bayonet Cap B22d','Blue',105,60,'','',0,0,'',0,'£1.22>£1.35','','',0),(55,'GLS 60W BC Green','40W','240V','Bayonet Cap B22d','Green',105,60,'','',0,0,'',0,'£1.22>£1.35','','',0),(56,'GLS 60W BC Pink','40W','240V','Bayonet Cap B22d','Pink',105,60,'','',0,0,'',0,'£1.22>£1.35','','',0),(57,'GLS 60W BC Red','40W','240V','Bayonet Cap B22d','Red',105,60,'','',0,0,'',0,'£1.22>£1.35','','',0),(58,'GLS 60W BC Amber','40W','240V','Bayonet Cap B22d','Amber',105,60,'','',0,0,'',0,'£1.22>£1.35','','',0),(59,'GLS 25W ES Yellow','25W','240V','27mm Edison Screw (E27)','Yellow',105,60,'','',0,0,'',0,'£1.22>£1.35','','',0),(60,'GLS 25W ES Blue','25W','240V','27mm Edison Screw (E27)','Blue',105,60,'','',0,0,'',0,'£1.22>£1.35','','',0),(61,'GLS 25W ES Green','25W','240V','27mm Edison Screw (E27)','Green',105,60,'','',0,0,'',0,'£1.22>£1.35','','',0),(62,'GLS 25W ES Pink','25W','240V','27mm Edison Screw (E27)','Pink',105,60,'','',0,0,'',0,'£1.22>£1.35','','',0),(63,'GLS 25W ES Red','25W','240V','27mm Edison Screw (E27)','Red',105,60,'','',0,0,'',0,'£1.22>£1.35','','',0),(64,'GLS 25W ES Amber','25W','240V','27mm Edison Screw (E27)','Amber',105,60,'','',0,0,'',0,'£1.22>£1.35','','',0),(65,'GLS 15W ES Yellow','15W','240V','27mm Edison Screw (E27)','Yellow',105,60,'','',0,0,'',0,'£1.22>£1.35','','',0),(66,'GLS 15W ES Blue','15W','240V','27mm Edison Screw (E27)','Blue',105,60,'','',0,0,'',0,'£1.22>£1.35','','',0),(67,'GLS 15W ES Green','15W','240V','27mm Edison Screw (E27)','Green',105,60,'','',0,0,'',0,'£1.22>£1.35','','',0),(68,'GLS 15W ES Pink','15W','240V','27mm Edison Screw (E27)','Pink',105,60,'','',0,0,'',0,'£1.22>£1.35','','',0),(69,'GLS 15W ES Red','15W','240V','27mm Edison Screw (E27)','Red',105,60,'','',0,0,'',0,'£1.22>£1.35','','',0),(70,'GLS 15W ES Amber','15W','240V','27mm Edison Screw (E27)','Amber',105,60,'','',0,0,'',0,'£1.22>£1.35','','',0),(71,'GLS 15W BC Yellow','15W','240V','Bayonet Cap B22d','Yellow',105,60,'1000hrs','',0,0,'',0,'£1.22>£1.35','','',0),(72,'GLS 15W BC Blue','15W','240V','Bayonet Cap B22d','Blue',105,60,'1000hrs','',0,0,'',0,'£1.22>£1.35','','',0),(73,'GLS 15W BC Green','15W','240V','Bayonet Cap B22d','Green',105,60,'1000hrs','',0,0,'',0,'£1.22>£1.35','','',0),(74,'GLS 15W BC Pink','15W','240V','Bayonet Cap B22d','Pink',105,60,'1000hrs','',0,0,'',0,'£1.22>£1.35','','',0),(75,'GLS 15W BC Red','15W','240V','Bayonet Cap B22d','Red',105,60,'1000hrs','',0,0,'',0,'£1.22>£1.35','','',0),(76,'GLS 15W BC Amber','15W','240V','Bayonet Cap B22d','Amber',105,60,'1000hrs','',0,0,'',0,'£1.22>£1.35','','',0),(77,'GLS 60W ES Yellow','60W','240V','27mm Edison Screw (E27)','Yellow',105,60,'1000hrs','',0,0,'',0,'£1.62>£1.80','','',0),(78,'GLS 60W ES Blue','60W','240V','27mm Edison Screw (E27)','Blue',105,60,'1000hrs','',0,0,'',0,'£1.62>£1.80','','',0),(79,'GLS 60W ES Green','60W','240V','27mm Edison Screw (E27)','Green',105,60,'1000hrs','',0,0,'',0,'£1.62>£1.80','','',0),(80,'GLS 60W ES Pink','60W','240V','27mm Edison Screw (E27)','Pink',105,60,'1000hrs','',0,0,'',0,'£1.62>£1.80','','',0),(81,'GLS 60W ES Red','60W','240V','27mm Edison Screw (E27)','Red',105,60,'1000hrs','',0,0,'',0,'£1.62>£1.80','','',0),(82,'GLS 60W ES Amber','60W','240V','27mm Edison Screw (E27)','Amber',105,60,'1000hrs','',0,0,'',0,'£1.62>£1.80','','',0),(83,'Pack of 10 Christmas Festoon 25W BC Bulbs','25W','240V','Bayonet Cap B22d','Mixed Colours',0,0,'','',0,0,'',0,'£6.79>£7.55','','',0),(84,'GLS Low Voltage 110V 25W BC/B22d Pearl','25W','110V','Bayonet Cap B22d','Pearl',105,60,'','',175,0,'',0,'£1.08>£1.20','','',0),(85,'GLS Low Voltage 110V 40W BC/B22d Pearl','40W','110V','Bayonet Cap B22d','Pearl',105,60,'','',280,0,'',0,'£1.08>£1.20','','',0),(86,'GLS Low Voltage 110V 60W BC/B22d Pearl','60W','110V','Bayonet Cap B22d','Pearl',105,60,'','',840,0,'',0,'£1.08>£1.20','','',0),(87,'GLS Low Voltage 110V 100W BC/B22d Pearl','100W','110V','Bayonet Cap B22d','Pearl',105,60,'','',1580,0,'',0,'£1.76>£1.95','','',0),(88,'GLS Low Voltage 110V 25W ES/E27 Pearl','25W','110V','27mm Edison Screw (E27)','Pearl',105,60,'','',175,0,'',0,'£1.76>£1.95','','',0),(89,'GLS Low Voltage 110V 40W ES/E27 Pearl','40W','110V','27mm Edison Screw (E27)','Pearl',105,60,'','',280,0,'',0,'£1.76>£1.95','','',0),(90,'GLS Low Voltage 110V 60W ES/E27 Pearl','60W','110V','27mm Edison Screw (E27)','Pearl',105,60,'','',840,0,'',0,'£1.76>£1.95','','',0),(91,'GLS Low Voltage 110V 100W ES/E27 Pearl','100W','110V','27mm Edison Screw (E27)','Pearl',105,60,'','',1580,0,'',0,'£1.76>£1.95','','',0),(92,'GLS Low Voltage 50V 25W ES/E27 Pearl','25W','50V','27mm Edison Screw (E27)','Pearl',105,60,'','',175,0,'',0,'£1.98>£2.20','','',0),(93,'GLS Low Voltage 50V 40W ES/E27 Pearl','40W','50V','27mm Edison Screw (E27)','Pearl',105,60,'','',490,0,'',0,'£1.98>£2.20','','',0),(94,'GLS Low Voltage 50V 60W ES/E27 Pearl','60W','50V','27mm Edison Screw (E27)','Pearl',105,60,'','',825,0,'',0,'£1.98>£2.20','','',0),(95,'GLS Low Voltage 50V 100W ES/E27 Pearl','100W','50V','27mm Edison Screw (E27)','Pearl',105,60,'','',700,0,'',0,'£1.98>£2.20','','',0),(96,'GLS Low voltage 50V 25W BC/B22d Pearl','25W','50V','Bayonet Cap B22d','Pearl',105,60,'','',175,0,'',0,'£1.98>£2.20','','',0),(97,'GLS Low voltage 50V 40W BC/B22d Pearl','40W','50V','Bayonet Cap B22d','Pearl',105,60,'','',490,0,'',0,'£1.98>£2.20','','',0),(98,'GLS Low voltage 50V 60W BC/B22d Pearl','60W','50V','Bayonet Cap B22d','Pearl',105,60,'','',825,0,'',0,'£1.98>£2.20','','',0),(99,'GLS Low voltage 50V 100W BC/B22d Pearl','100W','50V','Bayonet Cap B22d','Pearl',105,60,'','',700,0,'',0,'£1.98>£2.20','','',0),(100,'GLS Low Voltage 12V 60W ES/E27 Pearl','60W','12V','27mm Edison Screw (E27)','Pearl',105,60,'','',420,0,'',0,'£2.34>£2.60','','',0),(101,'GLS Low Voltage 12V 40W ES/E27 Pearl','40W','12V','27mm Edison Screw (E27)','Pearl',105,60,'','',280,0,'',0,'£2.34>£2.60','','',0),(102,'GLS Low Voltage 25V 60W ES/E27 Pearl','60W','12V','27mm Edison Screw (E27)','Pearl',105,60,'','',900,0,'',0,'£2.34>£2.60','','',0),(103,'GLS Low Voltage 25V 40W ES/E27 Pearl','40W','12V','27mm Edison Screw (E27)','Pearl',105,60,'','',560,0,'',0,'£2.34>£2.60','','',0),(104,'GLS Low Voltage 25V 25W ES/E27 Pearl','25W','12V','27mm Edison Screw (E27)','Pearl',105,60,'','',380,0,'',0,'£2.34>£2.60','','',0),(105,'GLS Low Voltage 110V 200W ES Pearl','200W','110V','27mm Edison Screw (E27)','',160,80,'','',1400,0,'',0,'£3.49>£3.88','','',0),(106,'GLS 40W BC Pearl rough service','40W','240V','Bayonet Cap B22d','Pearl',105,60,'','',170,0,'',0,'£1.15','','',0),(107,'GLS 60W BC Pearl rough service','60W','240V','Bayonet Cap B22d','Pearl',105,60,'','',560,0,'',0,'£1.15','','',0),(108,'GLS 100W BC Pearl rough service','100W','240V','Bayonet Cap B22d','Pearl',105,60,'','',1130,0,'',0,'£1.15','','',0),(109,'GLS 40W ES Pearl rough service','40W','240V','27mm Edison Screw (E27)','Pearl',105,60,'','',170,0,'',0,'£1.15','','',0),(110,'GLS 60W ES Pearl rough service','60W','240V','27mm Edison Screw (E27)','Pearl',105,60,'','',560,0,'',0,'£1.15','','',0),(111,'GLS 100W ES Pearl rough service','100W','240V','27mm Edison Screw (E27)','Pearl',105,60,'','',1130,0,'',0,'£1.15','','',0),(112,'Philips soft white T55 40W BC 2pack','40W','240V','Bayonet Cap B22d','Soft White',92,55,'','',360,0,'',0,'£4.00','','',0),(113,'Philips soft white T55 60W BC 2pack','60W','240V','Bayonet Cap B22d','Soft White',92,55,'','',630,0,'',0,'£4.20','','',0),(114,'Philips soft white T55 100W BC 2pack','100W','240V','Bayonet Cap B22d','Soft White',92,55,'','',1190,0,'',0,'£4.20','','',0),(115,'GLS 100W BC Shatterproof','100W','240V','Bayonet Cap B22d','Pearl',105,60,'','',880,0,'',0,'£4.16>£4.62','','',0),(116,'GLS 100W ES Shatterproof','100W','240V','27mm Edison Screw (E27)','Pearl',105,60,'','',880,0,'',0,'£4.16>£4.62','','',0),(117,'GLS 25W BC Shatterproof','25W','240V','Bayonet Cap B22d','Pearl',105,60,'','',175,0,'',0,'£4.16>£4.62','','',0),(118,'GLS 40W BC Shatterproof','40W','240V','Bayonet Cap B22d','Pearl',105,60,'','',250,0,'',0,'£4.16>£4.62','','',0),(119,'GLS 40W ES Shatterproof','40W','240V','27mm Edison Screw (E27)','Pearl',105,60,'','',250,0,'',0,'£4.16>£4.62','','',0),(120,'GLS 60W BC Shatterproof','60W','240V','Bayonet Cap B22d','Pearl',105,60,'','',450,0,'',0,'£4.16>£4.62','','',0),(121,'GLS 60W ES Sthatterproof','60W','240V','27mm Edison Screw (E27)','Opal',105,60,'','',450,0,'',0,'£4.16>£4.62','','',0),(122,'Golfball 25W BC Clear','25W','240V','Bayonet Cap B22d','Clear',70,45,'','',200,0,'',0,'68p>75p','','',0),(123,'Golfball 40W BC Clear','40W','240V','Bayonet Cap B22d','Clear',70,45,'','',400,0,'',0,'68p>75P','','',0),(124,'Golfball 60W BC Clear','60W','240V','Bayonet Cap B22d','Clear',70,45,'','',660,0,'',0,'68p>75p','','',0),(125,'Golfball 25W SBC Clear','25W','240V','Small Bayonet Cap B15d','Clear',70,45,'','',200,0,'',0,'68p>75p','','',0),(126,'Golfball 40W SBC Clear','40W','240V','Small Bayonet Cap B15d','Clear',70,45,'','',400,0,'',0,'68p>75P','','',0),(127,'Golfball 60W SBC Clear','60W','240V','Small Bayonet Cap B15d','Clear',70,45,'','',660,0,'',0,'68p>75p','','',0),(128,'Golfball 25W ES Clear','25W','240V','27mm Edison Screw (E27)','Clear',70,45,'','',200,0,'',0,'68p>75P','','',0),(129,'Golfball 40W ES Clear','40W','240V','27mm Edison Screw (E27)','Clear',70,45,'','',400,0,'',0,'68p>75p','','',0),(130,'Golfball 60W ES Clear','60W','240V','27mm Edison Screw (E27)','Clear',70,45,'','',660,0,'',0,'68p>75P','','',0),(131,'Golfball 25W SES Clear','25W','240V','Small Edison Screw (E14)','Clear',70,45,'','',200,0,'',0,'68p>75p','','',0),(132,'Golfball 40W SES Clear','40W','240V','Small Edison Screw (E14)','Clear',70,45,'','',400,0,'',0,'68p>75P','','',0),(133,'Golfball 60W SES Clear','60W','240V','Small Edison Screw (E14)','Clear',70,45,'','',660,0,'',0,'68p>75p','','',0),(134,'Golfball 25W BC Opal','25W','240V','Bayonet Cap B22d','Opal',70,45,'','',200,0,'',0,'68p>75P','','',0),(135,'Golfball 40W BC Opal','40W','240V','Bayonet Cap B22d','Opal',70,45,'','',400,0,'',0,'68p>75p','','',0),(136,'Golfball 60W BC Opal','60W','240V','Bayonet Cap B22d','Opal',70,45,'','',660,0,'',0,'68p>75P','','',0),(137,'Golfball 25W SBC Opal','25W','240V','Small Bayonet Cap B15d','Opal',70,45,'','',200,0,'',0,'75p','','',0),(138,'Golfball 40W SBC Opal','40W','240V','Small Bayonet Cap B15d','Opal',70,45,'','',400,0,'',0,'75p','','',0),(139,'Golfball 60W SBC Opal','60W','240V','Small Bayonet Cap B15d','Opal',70,45,'','',660,0,'',0,'75p','','',0),(140,'Golfball 25W ES Opal','25W','240V','27mm Edison Screw (E27)','Opal',70,45,'','',200,0,'',0,'75p','','',0),(141,'Golfball 40W ES Opal','40W','240V','27mm Edison Screw (E27)','Opal',70,45,'','',400,0,'',0,'75p','','',0),(142,'Golfball 60W ES Opal','60W','240V','27mm Edison Screw (E27)','Opal',70,45,'','',660,0,'',0,'75p','','',0),(143,'Golfball 25W SES Opal','25W','240V','Small Edison Screw (E14)','Opal',70,45,'','',200,0,'',0,'75p','','',0),(144,'Golfball 40W SES Opal','40W','240V','Small Edison Screw (E14)','Opal',70,45,'','',400,0,'',0,'75p','','',0),(145,'Golfball 60W SES Opal','60W','240V','Small Edison Screw (E14)','Opal',70,45,'','',660,0,'',0,'75p','','',0),(146,'Golfball 15W BC Clear','15W','240V','Bayonet Cap B22d','Clear',70,45,'','',90,0,'',0,'70p>85p','','',0),(147,'Golfball 15W BC Opal','15W','240V','Bayonet Cap B22d','Opal',70,45,'','',90,0,'',0,'72p>89p','','',0),(148,'Golfball 15W ES Clear','15W','240V','27mm Edison Screw (E27)','Clear',70,45,'','',90,0,'',0,'80P>95p','','',0),(149,'Golfball 15W ES Opal','15W','240V','27mm Edison Screw (E27)','Opal',70,45,'','',90,0,'',0,'82p>99p','','',0),(150,'60mm Globe 40W SES Opal','40W','240V','14mm Edison Small Screw (E14)','Opal',93,60,'','',370,0,'',0,'£3.36>£3.73','','',0),(151,'60mm Globe 40W ES Opal','40W','240V','27mm Edison Screw (E27)','Opal',93,60,'','',370,0,'',0,'£3.36>£3.73','','',0),(152,'95mm Globe 40W BC Opal','40W','240V','Bayonet Cap B22d','Opal',144,95,'','',290,0,'',0,'£3.14>£3.49','','',0),(153,'95mm Globe 60W BC Opal','60W','240V','Bayonet Cap B22d','Opal',144,95,'','',600,0,'',0,'£3.29>£3.65','','',0),(154,'95mm Globe 100W BC Opal','100W','240V','Bayonet Cap B22d','Opal',144,95,'','',890,0,'',0,'£3.29>£3.65','','',0),(155,'95mm Globe 60W ES Opal','60W','240V','27mm Edison Screw (E27)','Opal',144,95,'','',600,0,'',0,'£3.29>£3.65','','',0),(156,'95mm Globe 100W ES Opal','100W','240V','27mm Edison Screw (E27)','Opal',144,95,'','',890,0,'',0,'£3.29>£3.65','','',0),(157,'125mm Globe 60W ES Opal','60W','240V','27mm Edison Screw (E27)','Opal',175,125,'','',650,0,'',0,'£5.04>£5.60','','',0),(158,'125mm Globe 100W ES Opal','100W','240V','27mm Edison Screw (E27)','Opal',175,125,'','',1230,0,'',0,'£5.04>£5.60','','',0),(159,'125mm Globe 150W ES Opal','150W','240V','27mm Edison Screw (E27)','Opal',175,125,'','',1800,0,'',0,'£5.04>£5.60','','',0),(160,'Golfball 15W BC Amber','15W','240V','Bayonet Cap B22d','Amber',70,45,'','',0,0,'',0,'96p>1.20p','','',0),(161,'Golfball 15W BC Blue','15W','240V','Bayonet Cap B22d','Blue',70,45,'','',0,0,'',0,'96p>£1.20p','','',0),(162,'Golfball 15W BC Red','15W','240V','Bayonet Cap B22d','Red',70,45,'','',0,0,'',0,'96p>£1.20p','','',0),(163,'Golfball 15W BC Green','15W','240V','Bayonet Cap B22d','Green',70,45,'','',0,0,'',0,'96p>£1.20p','','',0),(164,'Golfball 15W BC Yellow','15W','240V','Bayonet Cap B22d','Yellow',70,45,'','',0,0,'',0,'96p>£1.20p','','',0),(165,'Golfball 15W ES Amber','15W','240V','27mm Edison Screw (E27)','Amber',70,45,'','',0,0,'',0,'98p>£1.25','','',0),(166,'Golfball 15W ES Blue','15W','240V','27mm Edison Screw (E27)','Blue',70,45,'','',0,0,'',0,'98p>£1.25','','',0),(167,'Golfball 15W ES Red','15W','240V','27mm Edison Screw (E27)','Red',70,45,'','',0,0,'',0,'98p>£1.25','','',0),(168,'Golfball 15W ES Green','15W','240V','27mm Edison Screw (E27)','Green',70,45,'','',0,0,'',0,'98p>£1.25','','',0),(169,'Golfball 15W ES Yellow','15W','240V','27mm Edison Screw (E27)','Yellow',70,45,'','',0,0,'',0,'98p>£1.25','','',0),(170,'Pack of 20 Golfball 15W BC Mixed Colours','15W','240V','Bayonet Cap B22d','Mixed Colours',70,45,'','',0,0,'',0,'£17.28>£19.20','','',0),(171,'Pack of 20 Golfball 15W E27 Mixed Colours','15W','240V','27mm Edison Screw (E27)','Mixed Colours',70,45,'','',0,0,'',0,'£17.64>£19.60','','',0),(172,'Goldball 35x64mm 10W SES/E14 Opal','10W','240V','14mm Small Edison Screw (E14)','Opal',64,35,'','',70,0,'',0,'£3.85>£4.15','','',0),(173,'Miniature 12V 5W 16x35mm E14','5W','12V','14mm Small Edison Screw (E14)','Clear',35,16,'','',35,0,'',0,'£1.76>£1.95','','',0),(174,'Miniature 12V 5W 15x28mm E10','5W','12V','10mm Miniature Screw (E10)','Clear',28,15,'','',35,0,'',0,'£2.30>£2.55','','',0),(175,'Miniature Lamp 22x50mm 240V 7W CES/E12','7W','240V','12mm Candelabra screw (E12)','Clear',50,22,'','',49,0,'',0,'£1.58>£1.75','','',0),(176,'Miniature Lamp 22x50mm 240V 7W SES/E14','7W','240V','14mm Small Edison Screw (E14)','Clear',50,22,'','',49,0,'',0,'£1.58>£1.75','','',0),(177,'Miniature 24V 3W 13x34mm E12','3W','24V','12mm Candelabra screw (E12)','Clear',34,13,'','',21,0,'',0,'£1.76>£1.95','','',0),(178,'Miniature 24V 5W 19x48mm E12','5W','24V','12mm Candelabra screw (E12)','Clear',48,19,'','',35,0,'',0,'£2.39>£2.65','','',0),(179,'Miniature 24V 5W 16x48mm E14','5W','24V','14mm Small Edison Screw (E14)','Clear',48,16,'','',35,0,'',0,'£2.39>£2.65','','',0),(180,'Miniature 24V 3W 16x48mm E14','2W','24V','14mm Small Edison Screw (E14)','Clear',48,16,'','',21,0,'',0,'£2.39>£2.65','','',0),(181,'Miniature bulb 24x11mm 4.8V 0.3A MES/E10','1W','5V','10mm Miniature Screw (E10)','Clear',24,11,'','',9,0,'',0,'£1.31>£1.45','','',0),(182,'12V 3W 11x44mm Festoon Lamp','3W','12V','Festoon Cap (SV8.5)','Clear',44,11,'','',18,0,'',0,'£1.31>£1.45','','',0),(183,'12V 5W 11x44mm Festoon Lamp','5W','12V','Festoon Cap (SV8.5)','Clear',44,11,'','',30,0,'',0,'£1.31>£1.45','','',0),(184,'12V 10W 11x44mm Festoon Lamp','10W','12V','Festoon Cap (SV8.5)','Clear',44,11,'','',60,0,'',0,'£1.31>£1.45','','',0),(185,'12V 21W 14x44mm Festoon Lamp','21W','12V','Festoon Cap (SV8.5)','Clear',44,14,'','',126,0,'',0,'£1.53>£1.70','','',0),(186,'24V 15W 14x44mm Festoon Lamp','15W','24V','Festoon Cap (SV8.5)','Clear',44,14,'','',90,0,'',0,'£1.53>£1.70','','',0),(187,'30V 5W 14x44mm Festoon Lamp','5W','30V','Festoon Cap (SV8.5)','Clear',44,14,'','',30,0,'',0,'£1.53>£1.70','','',0),(188,'Miniature halogen 29x9mm 5.2V 0.5A E10/MES','3W','5V','10mm Miniature Screw (E10)','Clear',29,9,'','',21,0,'',0,'£3.78>£4.20','','',0),(189,'Pygmy 15W E14/SES clear','15W','240V','14mm Edison Small Screw (E14)','Clear',58,28,'','',100,0,'',0,'60p>67p','','',0),(190,'Pygmy 15W SBC clear','15W','240V','Small Bayonet Cap B15d','Clear',58,28,'','',110,0,'',0,'60p>67p','','',0),(191,'Pygmy 15W BC clear','15W','240V','Bayonet Cap B22d','Clear',58,28,'','',110,0,'',0,'60p>67p','','',0),(192,'Pygmy 25W BC clear','25W','240V','Bayonet Cap B22d','Clear',58,28,'','',190,0,'',0,'70p>78p','','',0),(193,'Pygmy 25W SBC clear','25W','240V','Small Bayonet Cap (B15d)','Clear',58,28,'','',190,0,'',0,'70p>78P','','',0),(194,'Pygmy 25W SES clear','25W','240V','14mm Small Edison Screw (E14)','Clear',58,28,'','',190,0,'',0,'70p>78p','','',0),(195,'Pygmy 15W ES clear','15W','240V','27mm Edison Screw (E27)','Clear',58,28,'','',110,0,'',0,'£1.55>£1.72','','',0),(196,'Pygmy 15W BC Red','15W','240V','Bayonet Cap B22d','Red',58,28,'','',0,0,'',0,'£1.13>£1.25','','',0),(197,'Pygmy 15W BC Yellow','15W','240V','Bayonet Cap B22d','Yellow',58,28,'','',0,0,'',0,'£1.13>£1.25','','',0),(198,'Pygmy 15W BC Green','15W','240V','Bayonet Cap B22d','Green',58,28,'','',0,0,'',0,'£1.13>£1.25','','',0),(199,'Pygmy 15W BC Blue','15W','240V','Bayonet Cap B22d','Blue',58,28,'','',0,0,'',0,'£1.13>£1.25','','',0),(200,'Pygmy 15W BC Pink','15W','240V','Bayonet Cap B22d','Pink',58,28,'','',0,0,'',0,'£1.13>£1.25','','',0),(201,'Pygmy 15W BC Amber','15W','240V','Bayonet Cap B22d','Amber',58,28,'','',0,0,'',0,'£1.13>£1.25','','',0),(202,'Pygmy 15W BC White','15W','240V','Bayonet Cap B22d','White',58,28,'','',0,0,'',0,'£1.13>£1.25','','',0),(203,'Pygmy 15W SES Red','15W','240V','14mm Small Edison Screw (E14)','Red',58,28,'','',0,0,'',0,'£1.13>£1.25','','',0),(204,'Pygmy 15W SES Yellow','15W','240V','14mm Small Edison Screw (E14)','Yellow',58,28,'','',0,0,'',0,'£1.13>£1.25','','',0),(205,'Pygmy 15W SES Blue','15W','240V','14mm Small Edison Screw (E14)','Blue',58,28,'','',0,0,'',0,'£1.13>£1.25','','',0),(206,'Pygmy 15W SES Green','15W','240V','14mm Small Edison Screw (E14)','Green',58,28,'','',0,0,'',0,'£1.13>£1.25','','',0),(207,'Pygmy 15W SES Pink','15W','240V','14mm Small Edison Screw (E14)','Pink',58,28,'','',0,0,'',0,'£1.13>£1.25','','',0),(208,'Pygmy 15W SES Amber','15W','240V','14mm Small Edison Screw (E14)','Amber',58,28,'','',0,0,'',0,'£1.13>£1.25','','',0),(209,'Pygmy 15W SES White','15W','240V','14mm Small Edison Screw (E14)','White',58,28,'','',0,0,'',0,'£1.13>£1.25','','',0),(210,'GLS 40W BC Fireglow','40W','240V','Bayonet Cap B22d','Red',105,60,'','',260,0,'',0,'£1.67>£1.85','','',0),(211,'GLS 60W BC Fireglow','60W','240V','Bayonet Cap B22d','Red',105,60,'','',380,0,'',0,'£1.67>£1.85','','',0),(212,'GLS 60W 3-pin BC Fireglow','60W','240V','3-pin bayonet cap (B22d-3)','Red',105,60,'','',380,0,'',0,'£2.79>£3.10','','',0),(213,'Daylight GLS 60W BC','60W','240V','Bayonet Cap B22d','Daylight',105,60,'','',50,0,'',0,'£2.24>£2.49','','',0),(214,'Daylight GLS 60W ES','60W','240V','27mm Edison Screw (E27)','Daylight',105,60,'','',50,0,'',0,'£2.24>£2.49','','',0),(215,'Daylight GLS 100W BC','100W','240V','Bayonet Cap B22d','Daylight',105,60,'','',50,0,'',0,'£2.24>£2.49','','',0),(216,'Daylight GLS 100W ES','100W','240V','27mm Edison Screw (E27)','Daylight',105,60,'','',50,0,'',0,'£2.24>£2.49','','',0),(217,'Crown Silvered 60W BC','60W','240V','Bayonet Cap B22d','Chrome Cap',105,60,'','',710,0,'',0,'£1.76>£1.95','','',0),(218,'Crown Silvered 60W ES','60W','240V','27mm Edison Screw (E27)','Chrome Cap',105,60,'','',710,0,'',0,'£1.76>£1.95','','',0),(219,'Crown Silvered 100W BC','100W','240V','Bayonet Cap B22d','Chrome Cap',125,70,'','',1360,0,'',0,'£1.76>£1.95','','',0),(220,'Crown Silvered 100W ES','100W','240V','27mm Edison Screw (E27)','Chrome Cap',125,70,'','',1360,0,'',0,'£1.76>£1.95','','',0),(221,'Crown Silvered 40W SES','40W','240V','14mm Small Edison Screw (E14)','Chrome Cap',73,45,'','',415,0,'',0,'£1.89>£2.10','','',0),(222,'Crown Silvered 25W SES','25W','240V','14mm Small Edison Screw (E14)','Chrome Cap',73,45,'','',0,0,'',0,'£2.95>£3.15','','',0),(223,'Mushroom 40W BC opal','40W','240V','Bayonet Cap B22d','Opal',103,60,'3500hrs','',390,0,'',0,'£1.11>£1.23','','',0),(224,'Mushroom 60W BC opal','60W','240V','Bayonet Cap B22d','Opal',103,60,'3500hrs','',670,0,'',0,'£1.11>£1.23','','',0),(225,'Mushroom 100W BC opal','100W','240V','Bayonet Cap B22d','Opal',103,60,'3500hrs','',1260,0,'',0,'£1.11>£1.23','','',0),(226,'Squirrel Cage Lamp 60W BC','60W','240V','Bayonet Cap B22d','Clear',140,64,'4000hrs','',0,0,'',0,'£12.70>£14.11','','',0),(227,'Squirrel Cage Lamp 60W ES','60W','240V','27mm Edison Screw (E27)','Clear',140,64,'4000hrs','',0,0,'',0,'£12.70>£14.11','','',0),(228,'Double ended striplight 221mm 30W clear','30W','240V','15mm round (S15s)','Clear',221,26,'','',210,0,'',0,'£1.40>£1.55','','',0),(229,'Double ended striplight 221mm 30W opal','30W','240V','15mm round (S15s)','Opal',221,26,'','',190,0,'',0,'£1.40>£1.55','','',0),(230,'Double ended striplight 221mm 60W clear','60W','240V','15mm round (S15s)','Clear',221,26,'','',465,0,'',0,'£1.40>£1.55','','',0),(231,'Double ended striplight 221mm 60W opal','60W','240V','15mm round (S15s)','Opal',221,26,'','',420,0,'',0,'£1.40>£1.55','','',0),(232,'Double ended striplight 221mm 30W amber','30W','240V','15mm round (S15s)','Amber',221,26,'','',0,0,'',0,'£3.20>£3.55','','',0),(233,'Double ended striplight 221mm 60W amber','60W','240V','15mm round (S15s)','Amber',221,26,'','',0,0,'',0,'£3.20>£3.55','','',0),(234,'Double ended striplight 284mm 30W clear','30W','240V','15mm round (S15s)','Clear',284,26,'','',210,0,'',0,'£1.40>£1.55','','',0),(235,'Double ended striplight 284mm 30W opal','30W','240V','15mm round (S15s)','Opal',284,26,'','',190,0,'',0,'£1.40>£1.55','','',0),(236,'Double ended striplight 284mm 60W clear','60W','240V','15mm round (S15s)','Clear',284,26,'','',465,0,'',0,'£1.40>£1.55','','',0),(237,'Double ended striplight 284mm 60W opal','60W','240V','15mm round (S15s)','Opal',284,26,'','',420,0,'',0,'£1.40>£1.55','','',0),(238,'Double ended striplight 284mm 30W amber','30W','240V','15mm round (S15s)','Amber',284,26,'','',0,0,'',0,'£3.20>£3.55','','',0),(239,'Double ended striplight 284mm 60W amber','60W','240V','15mm round (S15s)','Amber',284,26,'','',0,0,'',0,'£3.20>£3.55','','',0),(240,'Tubular lamp 25x80mm 240V 25W B15d/SBC clear','25W','240V','Small Bayonet Cap (B15d)','Clear',80,25,'','',90,0,'',0,'£3.11>£3.45','','',0),(241,'Tubular lamp 25x80mm 240V 40W B15d/SBC clear','40W','240V','Small Bayonet Cap (B15d)','Clear',80,25,'','',280,0,'',0,'£3.11>£3.45','','',0),(242,'Picture Light 115x20mm 25W SES clear','25W','230V','14mm Small Edison Screw (E14)','Clear',115,20,'','',165,0,'',0,'£3.40>£3.78','','',0),(243,'Picture Light 125x20mm 40W SES clear','40W','230V','14mm Small Edison Screw (E14)','Clear',125,20,'','',410,0,'',0,'£5.27>£5.85','','',0),(244,'Round Peg (RP) Architectural Fitting ','','','','',0,0,'','',0,0,'',0,'£3.33>£3.70','','',0),(245,'S14d Architectural Fitting ','','','','',0,0,'','',0,0,'',0,'£5.55>£5.95','','',0),(246,'S14s Architectural Fitting','','','','',0,0,'','',0,0,'',0,'£5.55>£5.95','','',0),(247,'Crompton Architectural 35W (2 round pegs)','35W','240V','Round Peg (RP)','Pearl',300,25,'1000hrs','',245,0,'',0,'£13.49>£14.99','','',0),(248,'Crompton Architectural 53W (2 round pegs)','53W','240V','Round Peg (RP)','Pearl',460,25,'1000hrs','',371,0,'',0,'£14.39>£15.99','','',0),(249,'Crompton Architectural 60W (2 round pegs)','60W','240V','Round Peg (RP)','Pearl',500,25,'1000hrs','',420,0,'',0,'£15.29>£16.99','','',0),(250,'Crompton Architectural 75W (2 round pegs)','75W','240V','Round Peg (RP)','Pearl',610,25,'1000hrs','',525,0,'',0,'£16.99>£17.99','','',0),(251,'Crompton Architectural 110W (2 round pegs)','110W','240V','Round Peg (RP)','Pearl',920,25,'1000hrs','',770,0,'',0,'£21.59>£23.99','','',0),(252,'Philinea 35W architectural (2 x S14s oval caps)','35W','240V','Two oval pegs (S14s)','White',300,30,'1000hrs','',270,0,'',0,'£5.58>£6.20','','',0),(253,'Philinea 60W architectural (2 x S14s oval caps)','60W','240V','Two oval pegs (S14s)','White',500,30,'1000hrs','',420,0,'',0,'£5.76>£6.40','','',0),(254,'Philinea 35W architectural (single central S14d)','35W','240V','Oval peg dual contact (S14d)','White',300,30,'1000hrs','',240,0,'',0,'£7.11>£7.90','','',0),(255,'Philinea 60W architectural (single central S14d)','60W','240V','Oval peg dual contact (S14d)','Opal',500,30,'','',530,0,'',0,'£8.85>£9.45','','',0),(256,'Architectural Lamp 1000mm 120W opal (2xS14s)','120W','240V','Two oval pegs (S14s)','Opal',1000,30,'','',840,0,'',0,'£15.89>£17.65','','',0);
/*!40000 ALTER TABLE `non_energy_saving_bulb` ENABLE KEYS */;
UNLOCK TABLES;

--
-- Table structure for table `order`
--

DROP TABLE IF EXISTS `order`;
/*!40101 SET @saved_cs_client     = @@character_set_client */;
/*!40101 SET character_set_client = utf8 */;
CREATE TABLE `order` (
  `id` int(10) NOT NULL AUTO_INCREMENT,
  `user_id` int(10) NOT NULL,
  `created_on` datetime DEFAULT NULL,
  `updated_on` datetime DEFAULT NULL,
  PRIMARY KEY (`id`)
) ENGINE=MyISAM AUTO_INCREMENT=57 DEFAULT CHARSET=latin1;
/*!40101 SET character_set_client = @saved_cs_client */;

--
-- Dumping data for table `order`
--

LOCK TABLES `order` WRITE;
/*!40000 ALTER TABLE `order` DISABLE KEYS */;
INSERT INTO `order` VALUES (44,1,'2010-08-09 19:38:10','2010-08-09 19:38:10'),(45,1,'2010-08-12 21:33:07','2010-08-12 21:33:07'),(46,1,'2010-08-12 21:35:40','2010-08-12 21:35:40'),(47,1,'2010-08-12 21:43:39','2010-08-12 21:43:39'),(48,1,'2010-08-12 21:44:56','2010-08-12 21:44:56'),(49,1,'2010-08-12 21:47:00','2010-08-12 21:47:00'),(50,1,'2010-08-12 21:50:26','2010-08-12 21:50:26'),(51,1,'2010-08-12 21:51:04','2010-08-12 21:51:04'),(52,1,'2010-08-12 21:51:18','2010-08-12 21:51:18'),(53,1,'2010-08-12 21:53:39','2010-08-12 21:53:39'),(54,1,'2010-08-12 21:55:17','2010-08-12 21:55:17'),(55,1,'2010-08-12 22:01:22','2010-08-12 22:01:22'),(56,1,'2010-08-12 22:20:46','2010-08-12 22:20:46');
/*!40000 ALTER TABLE `order` ENABLE KEYS */;
UNLOCK TABLES;

--
-- Table structure for table `order_item`
--

DROP TABLE IF EXISTS `order_item`;
/*!40101 SET @saved_cs_client     = @@character_set_client */;
/*!40101 SET character_set_client = utf8 */;
CREATE TABLE `order_item` (
  `order_id` int(10) NOT NULL,
  `energy_saving_bulb_id` int(10) NOT NULL,
  `quantity` int(10) NOT NULL,
  `created_on` datetime DEFAULT NULL,
  `updated_on` datetime DEFAULT NULL,
  `id` int(10) NOT NULL AUTO_INCREMENT,
  PRIMARY KEY (`id`)
) ENGINE=MyISAM AUTO_INCREMENT=19 DEFAULT CHARSET=latin1;
/*!40101 SET character_set_client = @saved_cs_client */;

--
-- Dumping data for table `order_item`
--

LOCK TABLES `order_item` WRITE;
/*!40000 ALTER TABLE `order_item` DISABLE KEYS */;
INSERT INTO `order_item` VALUES (44,1,6,'2010-08-09 19:38:10','2010-08-09 19:38:10',1),(44,2,7,'2010-08-09 19:38:10','2010-08-09 19:38:10',2),(45,1,3,'2010-08-12 21:33:07','2010-08-12 21:33:07',3),(46,1,1,'2010-08-12 21:35:40','2010-08-12 21:35:40',4),(47,1,3,'2010-08-12 21:43:39','2010-08-12 21:43:39',5),(48,1,3,'2010-08-12 21:44:56','2010-08-12 21:44:56',6),(49,1,2,'2010-08-12 21:47:00','2010-08-12 21:47:00',7),(50,1,2,'2010-08-12 21:50:26','2010-08-12 21:50:26',8),(51,1,2,'2010-08-12 21:51:04','2010-08-12 21:51:04',9),(52,1,2,'2010-08-12 21:51:18','2010-08-12 21:51:18',10),(53,1,3,'2010-08-12 21:53:39','2010-08-12 21:53:39',11),(54,1,2,'2010-08-12 21:55:17','2010-08-12 21:55:17',12),(54,2,10,'2010-08-12 21:55:17','2010-08-12 21:55:17',13),(54,3,3,'2010-08-12 21:55:17','2010-08-12 21:55:17',14),(55,1,1,'2010-08-12 22:01:22','2010-08-12 22:01:22',15),(55,2,2,'2010-08-12 22:01:22','2010-08-12 22:01:22',16),(55,3,3,'2010-08-12 22:01:22','2010-08-12 22:01:22',17),(56,1,1,'2010-08-12 22:20:46','2010-08-12 22:20:46',18);
/*!40000 ALTER TABLE `order_item` ENABLE KEYS */;
UNLOCK TABLES;

--
-- Table structure for table `order_supplier`
--

DROP TABLE IF EXISTS `order_supplier`;
/*!40101 SET @saved_cs_client     = @@character_set_client */;
/*!40101 SET character_set_client = utf8 */;
CREATE TABLE `order_supplier` (
  `order_id` int(10) NOT NULL,
  `supplier_id` int(10) NOT NULL
) ENGINE=MyISAM DEFAULT CHARSET=latin1;
/*!40101 SET character_set_client = @saved_cs_client */;

--
-- Dumping data for table `order_supplier`
--

LOCK TABLES `order_supplier` WRITE;
/*!40000 ALTER TABLE `order_supplier` DISABLE KEYS */;
INSERT INTO `order_supplier` VALUES (44,2),(45,2),(46,2),(47,2),(48,2),(49,2),(50,2),(51,2),(52,2),(53,2),(54,1),(54,2),(55,1),(55,2),(56,1),(56,2);
/*!40000 ALTER TABLE `order_supplier` ENABLE KEYS */;
UNLOCK TABLES;

--
-- Table structure for table `session`
--

DROP TABLE IF EXISTS `session`;
/*!40101 SET @saved_cs_client     = @@character_set_client */;
/*!40101 SET character_set_client = utf8 */;
CREATE TABLE `session` (
  `session_id` varchar(40) NOT NULL DEFAULT '0',
  `ip_address` varchar(16) NOT NULL DEFAULT '0',
  `user_agent` varchar(50) NOT NULL,
  `last_activity` int(10) unsigned NOT NULL DEFAULT '0',
  `user_data` text NOT NULL,
  `expires` varchar(255) DEFAULT NULL,
  PRIMARY KEY (`session_id`)
) ENGINE=MyISAM DEFAULT CHARSET=latin1;
/*!40101 SET character_set_client = @saved_cs_client */;

--
-- Dumping data for table `session`
--

LOCK TABLES `session` WRITE;
/*!40000 ALTER TABLE `session` DISABLE KEYS */;
INSERT INTO `session` VALUES ('9effaf40245460c1656021f59716ceb3','78.144.52.154','Mozilla/5.0 (Windows; U; Windows NT 5.1; en-US) Ap',1281619981,'',NULL),('09d3ab672eb2794e2513589da6f639b4','62.49.193.250','Mozilla/4.0 (compatible; MSIE 8.0; Windows NT 6.0;',1283770707,'a:1:{s:11:\"url_history\";a:5:{i:0;s:1:\"/\";i:1;s:17:\"page/developments\";i:2;s:13:\"page/controls\";i:3;s:17:\"page/developments\";i:4;s:21:\"account/shopping_cart\";}}',NULL),('d0bbf20df4dbf6988f99bf78410db0f3','88.104.109.152','Mozilla/5.0 (Windows; U; Windows NT 6.1; en-US) Ap',1283853881,'a:1:{s:11:\"url_history\";a:5:{i:0;s:1:\"/\";i:1;s:9:\"bulbs/all\";i:2;s:21:\"account/shopping_cart\";i:3;s:13:\"page/controls\";i:4;s:17:\"page/developments\";}}',NULL),('dd77bcabd81934140a61727467928b65','62.49.193.250','Mozilla/4.0 (compatible; MSIE 8.0; Windows NT 6.0;',1282641004,'a:1:{s:11:\"url_history\";a:5:{i:0;s:1:\"/\";i:1;s:17:\"page/developments\";i:2;s:13:\"page/controls\";i:3;s:17:\"page/developments\";i:4;s:13:\"page/controls\";}}',NULL),('436ee67ddca36a2e74a236e8d218451a','88.104.107.131','Mozilla/5.0 (Windows; U; Windows NT 6.1; en-US) Ap',1282754302,'a:1:{s:11:\"url_history\";a:1:{i:0;s:1:\"/\";}}',NULL),('e887246818ef38a902e3e64779813045','78.86.50.186','Mozilla/4.0 (compatible; MSIE 8.0; Windows NT 6.0;',1279736299,'a:2:{s:12:\"original_uri\";s:0:\"\";s:4:\"user\";s:10:\"Model_user\";}',NULL),('a8e4ca62f9f098fd63ffaa2ba9919f8f','78.144.52.154','Mozilla/5.0 (Windows; U; Windows NT 5.1; en-US) Ap',1281619235,'',NULL),('dad7d4ab4fee30e9dc9b5add271d1756','82.19.28.70','Mozilla/5.0 (Windows; U; Windows NT 6.1; en-GB; rv',1281747091,'a:3:{s:12:\"original_uri\";s:0:\"\";s:11:\"url_history\";a:1:{i:0;s:1:\"/\";}s:15:\"current_user_id\";s:2:\"73\";}',NULL),('5ffc32fae8694f6ddde8de20ddb4daee','88.104.107.14','Mozilla/5.0 (Windows; U; Windows NT 6.1; en-GB; rv',1281747097,'a:1:{s:11:\"url_history\";a:0:{}}',NULL),('033c255030bedf07572a7eff02246476','82.19.28.70','Mozilla/5.0 (Windows; U; Windows NT 6.1; en-US) Ap',1279585784,'a:1:{s:7:\"user_id\";s:1:\"1\";}',NULL),('04df4bdadd0f1f51ecd9c36bc4017330','78.144.52.154','Mozilla/5.0 (Windows; U; Windows NT 5.1; en-GB; rv',1281619280,'a:1:{s:11:\"url_history\";a:1:{i:0;s:1:\"/\";}}',NULL),('d2779626132a5478c0abe1227e890b86','78.144.52.154','Mozilla/5.0 (Windows; U; Windows NT 5.1; en-US) Ap',1281619224,'',NULL),('f37ffeb158ee47894ec4b4163fc4fce3','78.144.52.154','Mozilla/5.0 (Windows; U; Windows NT 5.1; en-US) Ap',1281620031,'',NULL),('addec5bb06ee16346ffe5d10c630e910','82.19.25.145','Mozilla/5.0 (Windows; U; Windows NT 5.1; en-US) Ap',1281309075,'a:3:{s:11:\"url_history\";a:5:{i:0;s:25:\"bulbs/search/all_fields/2\";i:1;s:34:\"bulbs/search/all_fields/everything\";i:2;s:9:\"bulbs/all\";i:3;s:37:\"bulbs/search/all_fields/everything/18\";i:4;s:36:\"bulbs/search/all_fields/everything/4\";}s:15:\"current_user_id\";s:1:\"1\";s:13:\"cart_contents\";a:5:{s:32:\"eccbc87e4b5ce2fe28308fd9f2a7baf3\";a:7:{s:5:\"rowid\";s:32:\"eccbc87e4b5ce2fe28308fd9f2a7baf3\";s:2:\"id\";i:3;s:3:\"qty\";s:1:\"6\";s:5:\"price\";s:3:\"8.8\";s:11:\"upper_price\";N;s:4:\"name\";s:42:\"Philips Softone 6 year Energy Saver 12W BC\";s:8:\"subtotal\";d:52.80000000000000426325641456060111522674560546875;}s:32:\"c81e728d9d4c2f636f067f89cc14862c\";a:7:{s:5:\"rowid\";s:32:\"c81e728d9d4c2f636f067f89cc14862c\";s:2:\"id\";i:2;s:3:\"qty\";s:1:\"7\";s:5:\"price\";s:3:\"8.8\";s:11:\"upper_price\";N;s:4:\"name\";s:41:\"Philips Softone 6 year Energy Saver 8W ES\";s:8:\"subtotal\";d:61.6000000000000085265128291212022304534912109375;}s:32:\"c4ca4238a0b923820dcc509a6f75849b\";a:7:{s:5:\"rowid\";s:32:\"c4ca4238a0b923820dcc509a6f75849b\";s:2:\"id\";i:1;s:3:\"qty\";s:1:\"3\";s:5:\"price\";s:3:\"8.8\";s:11:\"upper_price\";s:4:\"10.1\";s:4:\"name\";s:41:\"Philips Softone 6 year Energy Saver 8W BC\";s:8:\"subtotal\";d:26.400000000000002131628207280300557613372802734375;}s:11:\"total_items\";s:1:\"3\";s:10:\"cart_total\";s:5:\"140.8\";}}',NULL),('c640061b114b39ea683b8e18deeed9a5','82.19.25.145','Mozilla/5.0 (Windows; U; Windows NT 5.1; en-GB; rv',1280146099,'a:1:{s:11:\"url_history\";a:1:{i:0;s:19:\"supplier/email_test\";}}',NULL),('8c890429d59c5c73cf49de6f50b3de05','85.92.222.254','Mozilla/4.0',1281307634,'a:1:{s:11:\"url_history\";a:1:{i:0;s:9:\"bulbs/all\";}}',NULL),('41dc9d684961eadf6f8f443d5bd46a9d','78.144.52.154','Mozilla/5.0 (Windows; U; Windows NT 5.1; en-GB; rv',1281616359,'a:3:{s:11:\"url_history\";a:1:{i:0;s:1:\"/\";}s:15:\"current_user_id\";s:1:\"1\";s:13:\"cart_contents\";a:3:{s:32:\"c4ca4238a0b923820dcc509a6f75849b\";a:7:{s:5:\"rowid\";s:32:\"c4ca4238a0b923820dcc509a6f75849b\";s:2:\"id\";i:1;s:3:\"qty\";s:1:\"3\";s:5:\"price\";s:3:\"8.8\";s:11:\"upper_price\";s:4:\"10.1\";s:4:\"name\";s:41:\"Philips Softone 6 year Energy Saver 8W BC\";s:8:\"subtotal\";d:26.400000000000002131628207280300557613372802734375;}s:11:\"total_items\";s:1:\"1\";s:10:\"cart_total\";s:4:\"26.4\";}}',NULL),('8d187f285820fdccf396d6341fa54826','78.144.52.154','Mozilla/4.0 (compatible; MSIE 8.0; Windows NT 5.1;',1281308314,'a:1:{s:11:\"url_history\";a:2:{i:0;s:9:\"bulbs/all\";i:1;s:1:\"/\";}}',NULL),('e91b237b0ee1250910ecc989ff25132e','85.92.222.254','Mozilla/4.0',1281307474,'a:1:{s:11:\"url_history\";a:1:{i:0;s:1:\"/\";}}',NULL),('56bdabfd73be8b9cde57082f2596de5b','78.144.52.154','Mozilla/5.0 (Windows; U; Windows NT 5.1; en-US) Ap',1281619880,'a:1:{s:11:\"url_history\";a:0:{}}',NULL),('dc4b0c972071e51a12ac505cf1dd4bf1','85.92.222.254','Mozilla/4.0',1281313831,'a:1:{s:11:\"url_history\";a:0:{}}',NULL),('feb47479736ed366293f6bf3382da17b','82.19.28.70','Mozilla/5.0 (Windows; U; Windows NT 6.1; en-US) Ap',1281746116,'a:4:{s:11:\"url_history\";a:5:{i:0;s:1:\"/\";i:1;s:21:\"account/shopping_cart\";i:2;s:1:\"/\";i:3;s:21:\"account/shopping_cart\";i:4;s:1:\"/\";}s:15:\"current_user_id\";s:2:\"89\";s:13:\"cart_contents\";a:4:{s:32:\"c4ca4238a0b923820dcc509a6f75849b\";a:7:{s:5:\"rowid\";s:32:\"c4ca4238a0b923820dcc509a6f75849b\";s:2:\"id\";i:1;s:3:\"qty\";s:1:\"1\";s:5:\"price\";s:3:\"8.8\";s:11:\"upper_price\";s:4:\"10.1\";s:4:\"name\";s:41:\"Philips Softone 6 year Energy Saver 8W BC\";s:8:\"subtotal\";d:8.800000000000000710542735760100185871124267578125;}s:32:\"c81e728d9d4c2f636f067f89cc14862c\";a:7:{s:5:\"rowid\";s:32:\"c81e728d9d4c2f636f067f89cc14862c\";s:2:\"id\";i:2;s:3:\"qty\";s:1:\"2\";s:5:\"price\";s:3:\"8.8\";s:11:\"upper_price\";N;s:4:\"name\";s:41:\"Philips Softone 6 year Energy Saver 8W ES\";s:8:\"subtotal\";d:17.60000000000000142108547152020037174224853515625;}s:11:\"total_items\";s:1:\"2\";s:10:\"cart_total\";s:4:\"26.4\";}s:22:\"flash:new:notification\";s:75:\"You do not have permission to view this area - redirect to account summary.\";}',NULL),('659cc2b30979d111fc20e2e62d8760ef','85.92.222.254','Mozilla/4.0',1280501538,'a:1:{s:11:\"url_history\";a:1:{i:0;s:1:\"/\";}}',NULL),('3b43b264a265ed8a2fe9658c5a9ec2dc','212.183.140.54','Mozilla/5.0 (Linux; U; Android 1.6; en-gb; HTC Mag',1281968001,'a:2:{s:11:\"url_history\";a:5:{i:0;s:1:\"/\";i:1;s:9:\"bulbs/all\";i:2;s:1:\"/\";i:3;s:9:\"bulbs/all\";i:4;s:1:\"/\";}s:15:\"current_user_id\";s:1:\"1\";}',NULL),('9e6a978d7eb3a9dcf552eb571a5bff0c','85.92.222.254','Mozilla/4.0',1280501594,'a:1:{s:11:\"url_history\";a:0:{}}',NULL),('3a0eb30f205e1965845bd2c71db17bdd','78.144.52.154','Mozilla/5.0 (Windows; U; Windows NT 5.1; en-US) Ap',1281619205,'a:1:{s:11:\"url_history\";a:0:{}}',NULL),('3b9780f93ea6756b323d61818cfac166','78.144.52.154','Mozilla/5.0 (Windows; U; Windows NT 5.1; en-US) Ap',1281564939,'a:3:{s:11:\"url_history\";a:5:{i:0;s:22:\"account/rate_suppliers\";i:1;s:16:\"account/checkout\";i:2;s:21:\"account/shopping_cart\";i:3;s:22:\"account/rate_suppliers\";i:4;s:21:\"account/shopping_cart\";}s:15:\"current_user_id\";s:1:\"1\";s:13:\"cart_contents\";a:3:{s:32:\"c4ca4238a0b923820dcc509a6f75849b\";a:7:{s:5:\"rowid\";s:32:\"c4ca4238a0b923820dcc509a6f75849b\";s:2:\"id\";i:1;s:3:\"qty\";s:1:\"1\";s:5:\"price\";s:3:\"8.8\";s:11:\"upper_price\";s:4:\"10.1\";s:4:\"name\";s:41:\"Philips Softone 6 year Energy Saver 8W BC\";s:8:\"subtotal\";d:8.800000000000000710542735760100185871124267578125;}s:11:\"total_items\";s:1:\"1\";s:10:\"cart_total\";s:3:\"8.8\";}}',NULL),('4a7d97454e5778592934de0d371a812f','78.144.52.154','Mozilla/5.0 (Windows; U; Windows NT 5.1; en-GB; rv',1281616138,'a:3:{s:11:\"url_history\";a:1:{i:0;s:34:\"bulbs/search/all_fields/everything\";}s:15:\"current_user_id\";s:1:\"1\";s:13:\"cart_contents\";a:3:{s:32:\"c4ca4238a0b923820dcc509a6f75849b\";a:7:{s:5:\"rowid\";s:32:\"c4ca4238a0b923820dcc509a6f75849b\";s:2:\"id\";i:1;s:3:\"qty\";s:1:\"3\";s:5:\"price\";s:3:\"8.8\";s:11:\"upper_price\";s:4:\"10.1\";s:4:\"name\";s:41:\"Philips Softone 6 year Energy Saver 8W BC\";s:8:\"subtotal\";d:26.400000000000002131628207280300557613372802734375;}s:11:\"total_items\";s:1:\"1\";s:10:\"cart_total\";s:4:\"26.4\";}}',NULL),('461d94c2ba1a8e2f17db33adf3e269ef','78.144.52.154','Mozilla/5.0 (Windows; U; Windows NT 5.1; en-US) Ap',1281616421,'a:4:{s:11:\"url_history\";a:0:{}s:15:\"current_user_id\";s:1:\"1\";s:13:\"cart_contents\";a:3:{s:32:\"c4ca4238a0b923820dcc509a6f75849b\";a:7:{s:5:\"rowid\";s:32:\"c4ca4238a0b923820dcc509a6f75849b\";s:2:\"id\";i:1;s:3:\"qty\";s:1:\"3\";s:5:\"price\";s:3:\"8.8\";s:11:\"upper_price\";s:4:\"10.1\";s:4:\"name\";s:41:\"Philips Softone 6 year Energy Saver 8W BC\";s:8:\"subtotal\";d:26.400000000000002131628207280300557613372802734375;}s:11:\"total_items\";s:1:\"1\";s:10:\"cart_total\";s:4:\"26.4\";}s:22:\"flash:old:notification\";s:55:\"Logged in as <strong>robin@robinwinslow.co.uk</strong>.\";}',NULL),('15fc587b07f3b979550615d6518d930e','78.144.52.154','Mozilla/5.0 (Windows; U; Windows NT 5.1; en-GB; rv',1281616069,'a:1:{s:11:\"url_history\";a:1:{i:0;s:34:\"bulbs/search/all_fields/everything\";}}',NULL),('c5090432826730dc39a2992048408c99','78.144.52.154','Mozilla/5.0 (Windows; U; Windows NT 5.1; en-GB; rv',1281616121,'a:1:{s:11:\"url_history\";a:0:{}}',NULL),('ed8d4c22f25797abc331916fac28af74','78.144.52.154','Mozilla/5.0 (Windows; U; Windows NT 5.1; en-US) Ap',1281619900,'',NULL),('9e0b4bf2eaf1ac6061f6b2373ac3b4a3','78.144.52.154','Mozilla/5.0 (Windows; U; Windows NT 5.1; en-US) Ap',1281619916,'',NULL),('f8ae7f8774450622c5f7d495134954df','78.144.52.154','Mozilla/5.0 (Windows; U; Windows NT 5.1; en-US) Ap',1281619951,'',NULL),('ab1081af6c753da7aab487a298c59bc9','78.144.52.154','Mozilla/5.0 (Windows; U; Windows NT 5.1; en-US) Ap',1281619953,'',NULL),('fd56495b4bb304363ab96aa6a526e980','78.144.52.154','Mozilla/5.0 (Windows; U; Windows NT 5.1; en-US) Ap',1281619975,'',NULL),('479c5468ed1ff0275320f1cc756359f6','78.144.52.154','Mozilla/5.0 (Windows; U; Windows NT 5.1; en-US) Ap',1281620054,'',NULL),('25e50ffab2dc46cdb01386b4cfab80f9','78.144.52.154','Mozilla/5.0 (Windows; U; Windows NT 5.1; en-US) Ap',1281620058,'',NULL),('a1ba094810124d3654ba35cae1c70155','78.144.52.154','Mozilla/5.0 (Windows; U; Windows NT 5.1; en-US) Ap',1281620084,'',NULL),('a88ec37a69d8f396ad3eabcec39e1b17','78.144.52.154','Mozilla/5.0 (Windows; U; Windows NT 5.1; en-US) Ap',1281620086,'',NULL),('82ceff53d36c0520fa1c078c3e7d8745','78.144.52.154','Mozilla/5.0 (Windows; U; Windows NT 5.1; en-US) Ap',1281620100,'',NULL),('e86d1466abab02cf3ef4419b06f318a5','78.144.52.154','Mozilla/5.0 (Windows; U; Windows NT 5.1; en-US) Ap',1281620207,'a:4:{s:11:\"url_history\";a:0:{}s:15:\"current_user_id\";s:1:\"1\";s:13:\"cart_contents\";a:3:{s:32:\"c4ca4238a0b923820dcc509a6f75849b\";a:7:{s:5:\"rowid\";s:32:\"c4ca4238a0b923820dcc509a6f75849b\";s:2:\"id\";i:1;s:3:\"qty\";s:1:\"3\";s:5:\"price\";s:3:\"8.8\";s:11:\"upper_price\";s:4:\"10.1\";s:4:\"name\";s:41:\"Philips Softone 6 year Energy Saver 8W BC\";s:8:\"subtotal\";d:26.400000000000002131628207280300557613372802734375;}s:11:\"total_items\";s:1:\"1\";s:10:\"cart_total\";s:4:\"26.4\";}s:22:\"flash:old:notification\";s:55:\"Logged in as <strong>robin@robinwinslow.co.uk</strong>.\";}',NULL),('bc487c12bd772ef9af9d25982a260f38','78.144.52.154','Mozilla/5.0 (Windows; U; Windows NT 5.1; en-US) Ap',1281620498,'a:4:{s:11:\"url_history\";a:0:{}s:15:\"current_user_id\";s:1:\"1\";s:13:\"cart_contents\";a:3:{s:32:\"c4ca4238a0b923820dcc509a6f75849b\";a:7:{s:5:\"rowid\";s:32:\"c4ca4238a0b923820dcc509a6f75849b\";s:2:\"id\";i:1;s:3:\"qty\";s:1:\"3\";s:5:\"price\";s:3:\"8.8\";s:11:\"upper_price\";s:4:\"10.1\";s:4:\"name\";s:41:\"Philips Softone 6 year Energy Saver 8W BC\";s:8:\"subtotal\";d:26.400000000000002131628207280300557613372802734375;}s:11:\"total_items\";s:1:\"1\";s:10:\"cart_total\";s:4:\"26.4\";}s:22:\"flash:old:notification\";s:55:\"Logged in as <strong>robin@robinwinslow.co.uk</strong>.\";}',NULL),('5929c89527106ea3fd9153fbe62e8870','78.144.52.154','Mozilla/5.0 (Windows; U; Windows NT 5.1; en-US) Ap',1281620511,'a:4:{s:11:\"url_history\";a:0:{}s:15:\"current_user_id\";s:1:\"1\";s:13:\"cart_contents\";a:3:{s:32:\"c4ca4238a0b923820dcc509a6f75849b\";a:7:{s:5:\"rowid\";s:32:\"c4ca4238a0b923820dcc509a6f75849b\";s:2:\"id\";i:1;s:3:\"qty\";s:1:\"3\";s:5:\"price\";s:3:\"8.8\";s:11:\"upper_price\";s:4:\"10.1\";s:4:\"name\";s:41:\"Philips Softone 6 year Energy Saver 8W BC\";s:8:\"subtotal\";d:26.400000000000002131628207280300557613372802734375;}s:11:\"total_items\";s:1:\"1\";s:10:\"cart_total\";s:4:\"26.4\";}s:22:\"flash:old:notification\";s:55:\"Logged in as <strong>robin@robinwinslow.co.uk</strong>.\";}',NULL),('419698dc994768cb37038b8324ec9612','78.144.52.154','Mozilla/5.0 (Windows; U; Windows NT 5.1; en-US) Ap',1281620858,'a:4:{s:11:\"url_history\";a:0:{}s:15:\"current_user_id\";s:1:\"1\";s:13:\"cart_contents\";a:3:{s:32:\"c4ca4238a0b923820dcc509a6f75849b\";a:7:{s:5:\"rowid\";s:32:\"c4ca4238a0b923820dcc509a6f75849b\";s:2:\"id\";i:1;s:3:\"qty\";s:1:\"3\";s:5:\"price\";s:3:\"8.8\";s:11:\"upper_price\";s:4:\"10.1\";s:4:\"name\";s:41:\"Philips Softone 6 year Energy Saver 8W BC\";s:8:\"subtotal\";d:26.400000000000002131628207280300557613372802734375;}s:11:\"total_items\";s:1:\"1\";s:10:\"cart_total\";s:4:\"26.4\";}s:22:\"flash:old:notification\";s:55:\"Logged in as <strong>robin@robinwinslow.co.uk</strong>.\";}',NULL),('2200c5a7376337e39507fd8ed7ed84a6','78.144.52.154','Mozilla/5.0 (Windows; U; Windows NT 5.1; en-US) Ap',1281621160,'a:4:{s:11:\"url_history\";a:0:{}s:15:\"current_user_id\";s:1:\"1\";s:13:\"cart_contents\";a:3:{s:32:\"c4ca4238a0b923820dcc509a6f75849b\";a:7:{s:5:\"rowid\";s:32:\"c4ca4238a0b923820dcc509a6f75849b\";s:2:\"id\";i:1;s:3:\"qty\";s:1:\"3\";s:5:\"price\";s:3:\"8.8\";s:11:\"upper_price\";s:4:\"10.1\";s:4:\"name\";s:41:\"Philips Softone 6 year Energy Saver 8W BC\";s:8:\"subtotal\";d:26.400000000000002131628207280300557613372802734375;}s:11:\"total_items\";s:1:\"1\";s:10:\"cart_total\";s:4:\"26.4\";}s:22:\"flash:old:notification\";s:55:\"Logged in as <strong>robin@robinwinslow.co.uk</strong>.\";}',NULL),('fb3c70a37f1a565c70ca683417a114c4','78.144.52.154','Mozilla/5.0 (Windows; U; Windows NT 5.1; en-GB; rv',1281628308,'a:2:{s:11:\"url_history\";a:0:{}s:15:\"current_user_id\";s:1:\"1\";}',NULL),('650eb7d35f6ae40861df84d584ba4a3b','78.144.52.154','Mozilla/5.0 (Windows; U; Windows NT 5.1; en-GB; rv',1281621269,'a:1:{s:11:\"url_history\";a:0:{}}',NULL),('a1e7868f7db05cff4a4e1aedd2a1c608','78.144.52.154','Mozilla/5.0 (Windows; U; Windows NT 5.1; en-GB; rv',1281621281,'a:3:{s:11:\"url_history\";a:1:{i:0;s:1:\"/\";}s:15:\"current_user_id\";s:1:\"1\";s:13:\"cart_contents\";a:3:{s:32:\"c4ca4238a0b923820dcc509a6f75849b\";a:7:{s:5:\"rowid\";s:32:\"c4ca4238a0b923820dcc509a6f75849b\";s:2:\"id\";i:1;s:3:\"qty\";s:1:\"3\";s:5:\"price\";s:3:\"8.8\";s:11:\"upper_price\";s:4:\"10.1\";s:4:\"name\";s:41:\"Philips Softone 6 year Energy Saver 8W BC\";s:8:\"subtotal\";d:26.400000000000002131628207280300557613372802734375;}s:11:\"total_items\";s:1:\"1\";s:10:\"cart_total\";s:4:\"26.4\";}}',NULL),('2ac5e6aa0ab736557fb37357720cdc71','78.144.52.154','Mozilla/5.0 (Windows; U; Windows NT 5.1; en-US) Ap',1281621244,'a:4:{s:11:\"url_history\";a:0:{}s:15:\"current_user_id\";s:1:\"1\";s:13:\"cart_contents\";a:3:{s:32:\"c4ca4238a0b923820dcc509a6f75849b\";a:7:{s:5:\"rowid\";s:32:\"c4ca4238a0b923820dcc509a6f75849b\";s:2:\"id\";i:1;s:3:\"qty\";s:1:\"3\";s:5:\"price\";s:3:\"8.8\";s:11:\"upper_price\";s:4:\"10.1\";s:4:\"name\";s:41:\"Philips Softone 6 year Energy Saver 8W BC\";s:8:\"subtotal\";d:26.400000000000002131628207280300557613372802734375;}s:11:\"total_items\";s:1:\"1\";s:10:\"cart_total\";s:4:\"26.4\";}s:22:\"flash:old:notification\";s:55:\"Logged in as <strong>robin@robinwinslow.co.uk</strong>.\";}',NULL),('c341634dbbee248aee6e8bc9b485b88c','78.144.52.154','Mozilla/5.0 (Windows; U; Windows NT 5.1; en-US) Ap',1281639338,'a:1:{s:11:\"url_history\";a:0:{}}',NULL),('c59ce53215d081550f74400738ed801e','78.144.52.154','Mozilla/5.0 (Windows; U; Windows NT 5.1; en-GB; rv',1281621475,'a:1:{s:11:\"url_history\";a:1:{i:0;s:1:\"/\";}}',NULL),('17cabd2ad854e975c91c8e44d5251d87','78.144.52.154','Mozilla/5.0 (Windows; U; Windows NT 5.1; en-GB; rv',1281621806,'a:4:{s:11:\"url_history\";a:1:{i:0;s:1:\"/\";}s:15:\"current_user_id\";s:1:\"1\";s:13:\"cart_contents\";a:3:{s:32:\"c4ca4238a0b923820dcc509a6f75849b\";a:7:{s:5:\"rowid\";s:32:\"c4ca4238a0b923820dcc509a6f75849b\";s:2:\"id\";i:1;s:3:\"qty\";s:1:\"3\";s:5:\"price\";s:3:\"8.8\";s:11:\"upper_price\";s:4:\"10.1\";s:4:\"name\";s:41:\"Philips Softone 6 year Energy Saver 8W BC\";s:8:\"subtotal\";d:26.400000000000002131628207280300557613372802734375;}s:11:\"total_items\";s:1:\"1\";s:10:\"cart_total\";s:4:\"26.4\";}s:22:\"flash:old:notification\";s:55:\"Logged in as <strong>robin@robinwinslow.co.uk</strong>.\";}',NULL),('0930edec279bab6b27b52cdfaee43f43','78.144.52.154','Mozilla/5.0 (Windows; U; Windows NT 5.1; en-GB; rv',1281626274,'a:1:{s:11:\"url_history\";a:1:{i:0;s:1:\"/\";}}',NULL),('337e6c7316e3a9e7dc8a7555cdb513a1','78.144.52.154','Mozilla/5.0 (Windows; U; Windows NT 5.1; en-GB; rv',1281626546,'a:1:{s:11:\"url_history\";a:1:{i:0;s:1:\"/\";}}',NULL),('edd264d9dadf77c4009b8324f88d264f','78.144.52.154','Mozilla/5.0 (Windows; U; Windows NT 5.1; en-GB; rv',1281626756,'a:1:{s:11:\"url_history\";a:0:{}}',NULL),('9a336bf1d7c68e3620c80b9990200978','78.144.52.154','Mozilla/5.0 (Windows; U; Windows NT 5.1; en-GB; rv',1281628348,'a:4:{s:11:\"url_history\";a:0:{}s:15:\"current_user_id\";s:1:\"1\";s:22:\"flash:new:notification\";s:55:\"Logged in as <strong>robin@robinwinslow.co.uk</strong>.\";s:13:\"cart_contents\";a:3:{s:32:\"c4ca4238a0b923820dcc509a6f75849b\";a:7:{s:5:\"rowid\";s:32:\"c4ca4238a0b923820dcc509a6f75849b\";s:2:\"id\";i:1;s:3:\"qty\";s:1:\"3\";s:5:\"price\";s:3:\"8.8\";s:11:\"upper_price\";s:4:\"10.1\";s:4:\"name\";s:41:\"Philips Softone 6 year Energy Saver 8W BC\";s:8:\"subtotal\";d:26.400000000000002131628207280300557613372802734375;}s:11:\"total_items\";s:1:\"1\";s:10:\"cart_total\";s:4:\"26.4\";}}',NULL),('31c6ad5df9aec932fc3de51f5c9e39f7','78.144.52.154','Mozilla/5.0 (Windows; U; Windows NT 5.1; en-GB; rv',1281628348,'a:1:{s:11:\"url_history\";a:0:{}}',NULL),('5a89cbf15e60afc097e91923eda48aa3','78.144.52.154','Mozilla/5.0 (Windows; U; Windows NT 5.1; en-GB; rv',1281628357,'a:4:{s:11:\"url_history\";a:0:{}s:15:\"current_user_id\";s:1:\"1\";s:22:\"flash:new:notification\";s:55:\"Logged in as <strong>robin@robinwinslow.co.uk</strong>.\";s:13:\"cart_contents\";a:3:{s:32:\"c4ca4238a0b923820dcc509a6f75849b\";a:7:{s:5:\"rowid\";s:32:\"c4ca4238a0b923820dcc509a6f75849b\";s:2:\"id\";i:1;s:3:\"qty\";s:1:\"3\";s:5:\"price\";s:3:\"8.8\";s:11:\"upper_price\";s:4:\"10.1\";s:4:\"name\";s:41:\"Philips Softone 6 year Energy Saver 8W BC\";s:8:\"subtotal\";d:26.400000000000002131628207280300557613372802734375;}s:11:\"total_items\";s:1:\"1\";s:10:\"cart_total\";s:4:\"26.4\";}}',NULL),('a1faa3a00fc35ff0e61ffc316e91d6f2','78.144.52.154','Mozilla/5.0 (Windows; U; Windows NT 5.1; en-GB; rv',1281628357,'a:1:{s:11:\"url_history\";a:0:{}}',NULL),('412e4b0d399555dfacbcf9f180ca2dcd','78.144.52.154','Mozilla/5.0 (Windows; U; Windows NT 5.1; en-GB; rv',1281628382,'a:1:{s:11:\"url_history\";a:0:{}}',NULL),('77f1e60334b94b06b4af75f2627c9775','78.144.52.154','Mozilla/5.0 (Windows; U; Windows NT 5.1; en-GB; rv',1281634901,'a:4:{s:11:\"url_history\";a:1:{i:0;s:1:\"/\";}s:15:\"current_user_id\";s:1:\"1\";s:13:\"cart_contents\";a:3:{s:32:\"c4ca4238a0b923820dcc509a6f75849b\";a:7:{s:5:\"rowid\";s:32:\"c4ca4238a0b923820dcc509a6f75849b\";s:2:\"id\";i:1;s:3:\"qty\";s:1:\"3\";s:5:\"price\";s:3:\"8.8\";s:11:\"upper_price\";s:4:\"10.1\";s:4:\"name\";s:41:\"Philips Softone 6 year Energy Saver 8W BC\";s:8:\"subtotal\";d:26.400000000000002131628207280300557613372802734375;}s:11:\"total_items\";s:1:\"1\";s:10:\"cart_total\";s:4:\"26.4\";}s:22:\"flash:old:notification\";s:55:\"Logged in as <strong>robin@robinwinslow.co.uk</strong>.\";}',NULL),('8f10ed77ab6bc6b2f91cf570e5838abc','78.144.52.154','Mozilla/5.0 (Windows; U; Windows NT 5.1; en-GB; rv',1281634946,'a:1:{s:11:\"url_history\";a:1:{i:0;s:1:\"/\";}}',NULL),('d477a02e53aeb2ab64b25aa68d9063f2','78.144.52.154','Mozilla/5.0 (Windows; U; Windows NT 5.1; en-US) Ap',1281639363,'a:1:{s:11:\"url_history\";a:0:{}}',NULL),('ad64f48b8a04a784a750993eb04f9725','78.144.52.154','Mozilla/5.0 (Windows; U; Windows NT 5.1; en-US) Ap',1281639451,'a:1:{s:11:\"url_history\";a:0:{}}',NULL),('bc82f3fb16adb345f7e2404833920e91','78.144.52.154','Mozilla/5.0 (Windows; U; Windows NT 5.1; en-US) Ap',1281639456,'a:1:{s:11:\"url_history\";a:0:{}}',NULL),('8c79c701431f8067a0eaedd0086728ab','78.144.52.154','Mozilla/5.0 (Windows; U; Windows NT 5.1; en-US) Ap',1281639505,'a:1:{s:11:\"url_history\";a:0:{}}',NULL),('043e96aa4600ea75d8b741d428c2d0be','78.144.52.154','Mozilla/5.0 (Windows; U; Windows NT 5.1; en-US) Ap',1281639649,'a:1:{s:11:\"url_history\";a:0:{}}',NULL),('170e7ffa146fe1d6a77328c63779263e','78.144.52.154','Mozilla/5.0 (Windows; U; Windows NT 5.1; en-US) Ap',1281660514,'a:2:{s:11:\"url_history\";a:5:{i:0;s:17:\"admin/edit_page/1\";i:1;s:13:\"page/controls\";i:2;s:17:\"admin/edit_page/1\";i:3;s:13:\"page/controls\";i:4;s:25:\"bulbs/find_replacements/1\";}s:15:\"current_user_id\";s:1:\"3\";}',NULL),('95767e2ec74db79bf98aa4a0801e089b','88.104.107.14','Mozilla/5.0 (Windows; U; Windows NT 6.1; en-US) Ap',1281746117,'a:1:{s:11:\"url_history\";a:0:{}}',NULL),('7b0ed0ed272f8d8e10a96f7a82e2e813','88.104.107.14','Mozilla/5.0 (Windows; U; Windows NT 6.1; en-US) Ap',1281746117,'a:1:{s:11:\"url_history\";a:0:{}}',NULL),('4b6461f75a6d4312b5931c9ac689afd0','88.104.107.14','Mozilla/5.0 (Windows; U; Windows NT 6.1; en-US) Ap',1281746126,'a:3:{s:11:\"url_history\";a:0:{}s:15:\"current_user_id\";s:1:\"1\";s:22:\"flash:new:notification\";s:55:\"Logged in as <strong>robin@robinwinslow.co.uk</strong>.\";}',NULL),('12b745e1d05a63bdc09b5e7aa50eb63a','88.104.107.14','Mozilla/5.0 (Windows; U; Windows NT 6.1; en-US) Ap',1281746126,'a:1:{s:11:\"url_history\";a:0:{}}',NULL),('5d4cc9bd76f97f3c23c56b1607a69c5c','88.104.107.14','Mozilla/5.0 (Windows; U; Windows NT 6.1; en-US) Ap',1281746140,'a:3:{s:11:\"url_history\";a:0:{}s:15:\"current_user_id\";s:1:\"1\";s:22:\"flash:new:notification\";s:55:\"Logged in as <strong>robin@robinwinslow.co.uk</strong>.\";}',NULL),('26953c56c042e296ecfaaf05a5e97a42','88.104.107.14','Mozilla/5.0 (Windows; U; Windows NT 6.1; en-US) Ap',1281746140,'a:1:{s:11:\"url_history\";a:0:{}}',NULL),('f4f82e230518b392a24c4bf1a2f79c2f','88.104.107.14','Mozilla/5.0 (Windows; U; Windows NT 6.1; en-US) Ap',1281746146,'a:1:{s:11:\"url_history\";a:1:{i:0;s:1:\"/\";}}',NULL),('9aab7f826545ea90c81c42b8a052d1fa','88.104.107.14','Mozilla/5.0 (Windows; U; Windows NT 6.1; en-US) Ap',1281746147,'a:1:{s:11:\"url_history\";a:1:{i:0;s:34:\"bulbs/search/all_fields/everything\";}}',NULL),('45b738f3f2a5a7d78213c275bc9a684f','88.104.107.14','Mozilla/5.0 (Windows; U; Windows NT 6.1; en-US) Ap',1281746148,'a:1:{s:11:\"url_history\";a:1:{i:0;s:21:\"account/shopping_cart\";}}',NULL),('cb79aa74df3b834479499879c2e0653c','88.104.107.14','Mozilla/5.0 (Windows; U; Windows NT 6.1; en-US) Ap',1281746149,'a:1:{s:11:\"url_history\";a:0:{}}',NULL),('eea35f228e6a84829ac7263c87b10e8c','88.104.107.14','Mozilla/5.0 (Windows; U; Windows NT 6.1; en-US) Ap',1281746156,'a:3:{s:11:\"url_history\";a:0:{}s:15:\"current_user_id\";s:1:\"1\";s:22:\"flash:new:notification\";s:55:\"Logged in as <strong>robin@robinwinslow.co.uk</strong>.\";}',NULL),('f67e7ebf60de90f0a2b9433adf18658d','88.104.107.14','Mozilla/5.0 (Windows; U; Windows NT 6.1; en-US) Ap',1281746156,'a:1:{s:11:\"url_history\";a:0:{}}',NULL),('f19436b1ab6f0a801c2ed87517da35c2','88.104.107.14','Mozilla/5.0 (Windows; U; Windows NT 6.1; en-US) Ap',1281746417,'a:1:{s:11:\"url_history\";a:0:{}}',NULL),('80d4aa95aecd2020655850404026863e','88.104.107.14','Mozilla/5.0 (Windows; U; Windows NT 6.1; en-US) Ap',1281746677,'a:1:{s:11:\"url_history\";a:0:{}}',NULL),('6bea1c8366b61f44d51c05c9a6032497','88.104.107.14','Mozilla/5.0 (Windows; U; Windows NT 6.1; en-US) Ap',1281746679,'a:1:{s:11:\"url_history\";a:0:{}}',NULL),('6322d357864625e143bbc73bebf423d1','88.104.107.14','Mozilla/5.0 (Windows; U; Windows NT 6.1; en-US) Ap',1281746680,'a:1:{s:11:\"url_history\";a:0:{}}',NULL),('6ee4036842557d421d12935e0bb39e7d','88.104.107.14','Mozilla/5.0 (Windows; U; Windows NT 6.1; en-US) Ap',1281746690,'a:1:{s:11:\"url_history\";a:0:{}}',NULL),('b75235f46431e7f13e2be322090dbbdd','88.104.107.14','Mozilla/5.0 (Windows; U; Windows NT 6.1; en-US) Ap',1281746707,'a:3:{s:11:\"url_history\";a:0:{}s:15:\"current_user_id\";s:1:\"1\";s:22:\"flash:new:notification\";s:55:\"Logged in as <strong>robin@robinwinslow.co.uk</strong>.\";}',NULL),('4134720e466603cbd631137a80a42849','88.104.107.14','Mozilla/5.0 (Windows; U; Windows NT 6.1; en-US) Ap',1281746735,'a:3:{s:11:\"url_history\";a:0:{}s:15:\"current_user_id\";s:1:\"1\";s:22:\"flash:new:notification\";s:55:\"Logged in as <strong>robin@robinwinslow.co.uk</strong>.\";}',NULL),('bc6c43c0f32c3d18ffb2e92cbcee77f5','88.104.107.14','Mozilla/5.0 (Windows; U; Windows NT 6.1; en-US) Ap',1281746857,'a:1:{s:11:\"url_history\";a:0:{}}',NULL),('26f1d6adef520db2d3cef8b7e52ab229','88.104.107.14','Mozilla/5.0 (Windows; U; Windows NT 6.1; en-US) Ap',1281747059,'a:2:{s:11:\"url_history\";a:0:{}s:15:\"current_user_id\";s:1:\"1\";}',NULL),('695b6689b6c546a1997f0d3c5d2dd3f3','88.104.107.14','Mozilla/5.0 (Windows; U; Windows NT 6.1; en-GB; rv',1281747160,'a:1:{s:11:\"url_history\";a:0:{}}',NULL),('4caa035e786ca9cdf7e651f8d0e761ba','88.104.107.14','Mozilla/5.0 (Windows; U; Windows NT 6.1; en-GB; rv',1281747172,'a:3:{s:11:\"url_history\";a:0:{}s:15:\"current_user_id\";s:1:\"1\";s:22:\"flash:new:notification\";s:55:\"Logged in as <strong>robin@robinwinslow.co.uk</strong>.\";}',NULL),('c52339713bcc8b28e442dc134bc94f13','88.104.107.14','Mozilla/5.0 (Windows; U; Windows NT 6.1; en-GB; rv',1281747236,'a:3:{s:11:\"url_history\";a:0:{}s:15:\"current_user_id\";s:1:\"1\";s:22:\"flash:new:notification\";s:55:\"Logged in as <strong>robin@robinwinslow.co.uk</strong>.\";}',NULL),('0a7deb31efad6a8c9dc345ec39a370fd','88.104.107.14','Mozilla/5.0 (Windows; U; Windows NT 6.1; en-US) Ap',1281747333,'a:3:{s:11:\"url_history\";a:0:{}s:15:\"current_user_id\";s:1:\"1\";s:22:\"flash:new:notification\";s:55:\"Logged in as <strong>robin@robinwinslow.co.uk</strong>.\";}',NULL),('95001ea37cb92d4d6218dd38b60b72b2','88.104.107.14','Mozilla/5.0 (Windows; U; Windows NT 6.1; en-GB; rv',1281747340,'a:3:{s:11:\"url_history\";a:0:{}s:15:\"current_user_id\";s:1:\"1\";s:22:\"flash:new:notification\";s:55:\"Logged in as <strong>robin@robinwinslow.co.uk</strong>.\";}',NULL),('41a01edc3e834d2cd4268db95b55cc48','88.104.107.14','Mozilla/5.0 (Windows; U; Windows NT 6.1; en-GB; rv',1281747352,'a:3:{s:11:\"url_history\";a:0:{}s:15:\"current_user_id\";s:1:\"1\";s:22:\"flash:new:notification\";s:55:\"Logged in as <strong>robin@robinwinslow.co.uk</strong>.\";}',NULL),('9d596f6ef21b399286af85b79202cfaf','88.104.107.14','Mozilla/5.0 (Windows; U; Windows NT 6.1; en-GB; rv',1281747360,'a:3:{s:11:\"url_history\";a:0:{}s:15:\"current_user_id\";s:1:\"1\";s:22:\"flash:new:notification\";s:55:\"Logged in as <strong>robin@robinwinslow.co.uk</strong>.\";}',NULL),('38b507c0298df743e51cd17bf0fad5e0','88.104.107.14','Mozilla/5.0 (Windows; U; Windows NT 6.1; en-GB; rv',1281747408,'a:3:{s:11:\"url_history\";a:0:{}s:15:\"current_user_id\";s:1:\"1\";s:22:\"flash:old:notification\";s:55:\"Logged in as <strong>robin@robinwinslow.co.uk</strong>.\";}',NULL),('fc9d2f744bd6dda74b5a06923d019d63','88.104.107.14','Mozilla/5.0 (Windows; U; Windows NT 6.1; en-US) Ap',1281747419,'a:1:{s:11:\"url_history\";a:1:{i:0;s:1:\"/\";}}',NULL),('31b43c6adf10748290508868f5913029','88.104.107.14','Mozilla/5.0 (Windows; U; Windows NT 6.1; en-US) Ap',1281751905,'a:2:{s:11:\"url_history\";a:5:{i:0;s:21:\"account/shopping_cart\";i:1;s:13:\"page/controls\";i:2;s:17:\"page/developments\";i:3;s:13:\"page/controls\";i:4;s:21:\"account/shopping_cart\";}s:15:\"current_user_id\";s:1:\"1\";}',NULL),('a004213e3228d39d974ca1337553327c','88.104.107.14','Mozilla/5.0 (Windows; U; Windows NT 6.1; en-GB; rv',1281749085,'a:1:{s:11:\"url_history\";a:1:{i:0;s:34:\"bulbs/search/all_fields/everything\";}}',NULL),('b6af63a003a83f491930fd832dd5fed8','88.104.107.14','Mozilla/5.0 (Windows; U; Windows NT 5.1; en-US) Ap',1281753846,'a:1:{s:11:\"url_history\";a:0:{}}',NULL),('3af7d977a500d7678813ce93d66368d9','88.104.109.152','Mozilla/5.0 (Windows; U; Windows NT 5.1; en-US) Ap',1283611520,'a:2:{s:11:\"url_history\";a:1:{i:0;s:6:\"/admin\";}s:22:\"flash:old:notification\";s:59:\"You do not have permission to view this area - redirecting.\";}',NULL),('d78673e4d94ccfab20f08fd9350741ad','85.92.222.254','Mozilla/4.0',1281968001,'a:1:{s:11:\"url_history\";a:1:{i:0;s:1:\"/\";}}',NULL),('691dde790fa72b72119a02407cd70603','88.104.110.135','Mozilla/5.0 (Windows; U; Windows NT 6.1; en-GB; rv',1281974516,'a:1:{s:11:\"url_history\";a:5:{i:0;s:25:\"bulbs/find_replacements/1\";i:1;s:34:\"bulbs/search/all_fields/everything\";i:2;s:1:\"/\";i:3;s:34:\"bulbs/search/all_fields/everything\";i:4;s:21:\"account/shopping_cart\";}}',NULL),('0f0365c80c6e9f067b22e614ba9255d8','88.104.110.135','Mozilla/5.0 (Windows; U; Windows NT 6.1; en-US) Ap',1281997453,'a:1:{s:11:\"url_history\";a:1:{i:0;s:1:\"/\";}}',NULL),('d0bf2d3fecf50634fd3a490bb9d354db','88.104.110.84','Mozilla/5.0 (Windows; U; Windows NT 5.1; en-US) Ap',1283296858,'a:1:{s:11:\"url_history\";a:1:{i:0;s:1:\"/\";}}',NULL),('56dde21f73cba7cdc877d0935a22d203','88.104.110.84','Mozilla/5.0 (Windows; U; Windows NT 6.1; en-US) Ap',1283263835,'a:1:{s:11:\"url_history\";a:1:{i:0;s:34:\"bulbs/search/all_fields/everything\";}}',NULL),('bf36d7cabd8f05164950942dbaf055bd','88.104.110.84','Mozilla/5.0 (Windows; U; Windows NT 6.1; en-US) Ap',1283290069,'a:1:{s:11:\"url_history\";a:1:{i:0;s:1:\"/\";}}',NULL),('4dc5a712121c84199b0c06b145dcd1bc','78.146.241.159','Mozilla/5.0 (Windows; U; Windows NT 5.1; en-US) Ap',1282179608,'a:4:{s:11:\"url_history\";a:5:{i:0;s:16:\"account/checkout\";i:1;s:17:\"/account/checkout\";i:2;s:21:\"account/shopping_cart\";i:3;s:25:\"bulbs/find_replacements/1\";i:4;s:9:\"bulbs/all\";}s:13:\"cart_contents\";a:3:{s:32:\"c4ca4238a0b923820dcc509a6f75849b\";a:7:{s:5:\"rowid\";s:32:\"c4ca4238a0b923820dcc509a6f75849b\";s:2:\"id\";i:1;s:3:\"qty\";s:1:\"1\";s:5:\"price\";s:3:\"8.8\";s:11:\"upper_price\";s:4:\"10.1\";s:4:\"name\";s:41:\"Philips Softone 6 year Energy Saver 8W BC\";s:8:\"subtotal\";d:8.800000000000000710542735760100185871124267578125;}s:11:\"total_items\";s:1:\"1\";s:10:\"cart_total\";s:3:\"8.8\";}s:15:\"current_user_id\";s:1:\"1\";s:22:\"flash:old:notification\";s:55:\"Logged in as <strong>robin@robinwinslow.co.uk</strong>.\";}',NULL),('154947ec7d0431d57d3f0a6f8474c339','78.146.241.159','Mozilla/5.0 (Windows; U; Windows NT 5.1; en-US) Ap',1282231777,'a:3:{s:11:\"url_history\";a:5:{i:0;s:9:\"bulbs/all\";i:1;s:1:\"/\";i:2;s:9:\"bulbs/all\";i:3;s:17:\"page/developments\";i:4;s:13:\"page/controls\";}s:15:\"current_user_id\";s:1:\"1\";s:13:\"cart_contents\";a:3:{s:32:\"c4ca4238a0b923820dcc509a6f75849b\";a:7:{s:5:\"rowid\";s:32:\"c4ca4238a0b923820dcc509a6f75849b\";s:2:\"id\";i:1;s:3:\"qty\";s:1:\"1\";s:5:\"price\";s:3:\"8.8\";s:11:\"upper_price\";s:4:\"10.1\";s:4:\"name\";s:41:\"Philips Softone 6 year Energy Saver 8W BC\";s:8:\"subtotal\";d:8.800000000000000710542735760100185871124267578125;}s:11:\"total_items\";s:1:\"1\";s:10:\"cart_total\";s:3:\"8.8\";}}',NULL),('33c2190330fa46e96d067c35c81571f4','78.146.241.159','Mozilla/5.0 (Windows; U; Windows NT 5.1; en-GB; rv',1282229078,'a:3:{s:11:\"url_history\";a:5:{i:0;s:9:\"bulbs/all\";i:1;s:17:\"admin/edit_page/2\";i:2;s:16:\"admin/edit_pages\";i:3;s:5:\"admin\";i:4;s:6:\"/admin\";}s:15:\"current_user_id\";s:1:\"1\";s:13:\"cart_contents\";a:3:{s:32:\"c4ca4238a0b923820dcc509a6f75849b\";a:7:{s:5:\"rowid\";s:32:\"c4ca4238a0b923820dcc509a6f75849b\";s:2:\"id\";i:1;s:3:\"qty\";s:1:\"1\";s:5:\"price\";s:3:\"8.8\";s:11:\"upper_price\";s:4:\"10.1\";s:4:\"name\";s:41:\"Philips Softone 6 year Energy Saver 8W BC\";s:8:\"subtotal\";d:8.800000000000000710542735760100185871124267578125;}s:11:\"total_items\";s:1:\"1\";s:10:\"cart_total\";s:3:\"8.8\";}}',NULL),('7d44115356a95744e2d2b770d17f6067','62.49.193.250','Mozilla/4.0 (compatible; MSIE 8.0; Windows NT 6.0;',1283689389,'a:1:{s:11:\"url_history\";a:5:{i:0;s:1:\"/\";i:1;s:9:\"bulbs/all\";i:2;s:1:\"/\";i:3;s:9:\"bulbs/all\";i:4;s:21:\"account/shopping_cart\";}}',NULL),('be78b4f5eb2d48b8686ccfbbd569a18d','95.154.207.13','Mozilla/5.0 (Windows; U; Windows NT 6.1; en-US) Ap',1283723075,'a:1:{s:11:\"url_history\";a:1:{i:0;s:1:\"/\";}}',NULL),('c2f04367dcda604f55f84121f1d18282','85.92.222.254','Mozilla/4.0',1284150502,'a:1:{s:11:\"url_history\";a:1:{i:0;s:1:\"/\";}}',NULL),('180cd765ca6b4fcf598ecc24350c28a9','212.183.140.20','Mozilla/4.0 (compatible; MSIE 8.0; Windows NT 5.1;',1284151156,'a:2:{s:11:\"url_history\";a:5:{i:0;s:21:\"account/shopping_cart\";i:1;s:25:\"bulbs/find_replacements/1\";i:2;s:26:\"bulbs/find_replacements/15\";i:3;s:26:\"bulbs/find_replacements/10\";i:4;s:9:\"bulbs/all\";}s:13:\"cart_contents\";a:3:{s:32:\"c4ca4238a0b923820dcc509a6f75849b\";a:7:{s:5:\"rowid\";s:32:\"c4ca4238a0b923820dcc509a6f75849b\";s:2:\"id\";i:1;s:3:\"qty\";s:2:\"25\";s:5:\"price\";s:3:\"8.8\";s:11:\"upper_price\";s:4:\"10.1\";s:4:\"name\";s:41:\"Philips Softone 6 year Energy Saver 8W BC\";s:8:\"subtotal\";d:220.000000000000028421709430404007434844970703125;}s:11:\"total_items\";s:1:\"1\";s:10:\"cart_total\";s:3:\"220\";}}',NULL),('3281d1de303bf424b0b5548f440428cb','85.92.222.254','Mozilla/4.0',1284151155,'a:1:{s:11:\"url_history\";a:0:{}}',NULL),('9cad20a59a6ee3d18a0134b0cb1a4db7','85.92.222.254','Mozilla/4.0',1284151157,'a:1:{s:11:\"url_history\";a:1:{i:0;s:31:\"bulbs/search/all_fields/gls_60w\";}}',NULL),('fb3444c0ec64040674876bbaedde8eb0','85.92.222.254','Mozilla/4.0',1284151206,'a:1:{s:11:\"url_history\";a:1:{i:0;s:38:\"bulbs/information/non_energy_saving/13\";}}',NULL),('3b7e38cf6fc9f5940670d032f53ddfcb','85.92.222.254','Mozilla/4.0',1284151232,'a:1:{s:11:\"url_history\";a:1:{i:0;s:26:\"bulbs/find_replacements/13\";}}',NULL),('ae4d9aae40f584b538dba99e53ce60ea','85.92.222.254','Mozilla/4.0',1284151395,'a:1:{s:11:\"url_history\";a:1:{i:0;s:9:\"bulbs/all\";}}',NULL),('43000c30981134a4d6a2310491f1edcf','85.92.222.254','Mozilla/4.0',1284151410,'a:1:{s:11:\"url_history\";a:1:{i:0;s:26:\"bulbs/find_replacements/10\";}}',NULL),('d95d916a3bfa1481d25c002e17dc7b83','85.92.222.254','Mozilla/4.0',1284151416,'a:1:{s:11:\"url_history\";a:1:{i:0;s:26:\"bulbs/find_replacements/15\";}}',NULL),('24764d22d4dac8ae65603da0a0e0e9fe','85.92.222.254','Mozilla/4.0',1284151421,'a:1:{s:11:\"url_history\";a:1:{i:0;s:25:\"bulbs/find_replacements/1\";}}',NULL),('ff9790b1e21a81a4bd742f650bb206d3','85.92.222.254','Mozilla/4.0',1284151437,'a:2:{s:11:\"url_history\";a:0:{}s:22:\"flash:new:notification\";s:95:\"Bulb <strong>Philips Softone 6 year Energy Saver 8W BC</strong> could not be added to the cart.\";}',NULL),('abb552587c3bb5ad5c513b8c99572782','88.104.110.167','Mozilla/5.0 (Windows; U; Windows NT 6.1; en-US) Ap',1284597776,'a:1:{s:11:\"url_history\";a:1:{i:0;s:1:\"/\";}}',NULL),('c60bde6bda3d2c7bb80c1f7a57495211','85.92.222.254','Mozilla/4.0',1284151443,'a:1:{s:11:\"url_history\";a:1:{i:0;s:21:\"account/shopping_cart\";}}',NULL),('e2aa25e29211ac80fbbca276ba156028','88.104.110.167','Mozilla/5.0 (Windows; U; Windows NT 6.1; en-US) Ap',1284656716,'a:1:{s:11:\"url_history\";a:1:{i:0;s:1:\"/\";}}',NULL),('655414571c2dd90dc718705e68229ae4','88.104.110.167','Mozilla/5.0 (Windows; U; Windows NT 6.1; en-US) Ap',1284710717,'a:1:{s:11:\"url_history\";a:1:{i:0;s:1:\"/\";}}',NULL),('75b29156d1a45be007431d01033b7958','79.71.103.213','Mozilla/5.0 (Windows; U; Windows NT 6.1; en-US) Ap',1284938843,'a:1:{s:11:\"url_history\";a:1:{i:0;s:1:\"/\";}}',NULL);
/*!40000 ALTER TABLE `session` ENABLE KEYS */;
UNLOCK TABLES;

--
-- Table structure for table `supplier`
--

DROP TABLE IF EXISTS `supplier`;
/*!40101 SET @saved_cs_client     = @@character_set_client */;
/*!40101 SET character_set_client = utf8 */;
CREATE TABLE `supplier` (
  `id` int(10) NOT NULL AUTO_INCREMENT,
  `company_name` varchar(255) NOT NULL,
  `description` varchar(512) DEFAULT NULL,
  `business_email` varchar(255) NOT NULL,
  `business_phone` varchar(255) NOT NULL,
  `address_line_1` varchar(255) DEFAULT NULL,
  `address_line_2` varchar(255) DEFAULT NULL,
  `address_city` varchar(255) DEFAULT NULL,
  `address_county` varchar(255) DEFAULT NULL,
  `address_postcode` varchar(255) DEFAULT NULL,
  `created_on` datetime DEFAULT NULL,
  `updated_on` datetime DEFAULT NULL,
  PRIMARY KEY (`id`)
) ENGINE=MyISAM AUTO_INCREMENT=6 DEFAULT CHARSET=latin1;
/*!40101 SET character_set_client = @saved_cs_client */;

--
-- Dumping data for table `supplier`
--

LOCK TABLES `supplier` WRITE;
/*!40000 ALTER TABLE `supplier` DISABLE KEYS */;
INSERT INTO `supplier` VALUES (1,'Test company','Here\'s a description','testcompany@robinwinslow.co.uk','0111111111111',NULL,NULL,NULL,NULL,NULL,'2010-07-25 22:30:10','2010-07-25 22:30:10'),(2,'Robin Winslow Morris','Robin Winslow\'s company','robin@robinwinslow.co.uk','01111111111','test','test','test','test','tt1 1tt','2010-07-25 23:20:56','2010-08-10 17:22:48');
/*!40000 ALTER TABLE `supplier` ENABLE KEYS */;
UNLOCK TABLES;

--
-- Table structure for table `supplier_rating`
--

DROP TABLE IF EXISTS `supplier_rating`;
/*!40101 SET @saved_cs_client     = @@character_set_client */;
/*!40101 SET character_set_client = utf8 */;
CREATE TABLE `supplier_rating` (
  `supplier_id` int(10) NOT NULL,
  `user_id` int(10) NOT NULL,
  `rating` int(10) NOT NULL,
  `id` int(10) NOT NULL AUTO_INCREMENT,
  PRIMARY KEY (`id`),
  UNIQUE KEY `user_id` (`user_id`,`supplier_id`)
) ENGINE=MyISAM AUTO_INCREMENT=11 DEFAULT CHARSET=latin1;
/*!40101 SET character_set_client = @saved_cs_client */;

--
-- Dumping data for table `supplier_rating`
--

LOCK TABLES `supplier_rating` WRITE;
/*!40000 ALTER TABLE `supplier_rating` DISABLE KEYS */;
INSERT INTO `supplier_rating` VALUES (2,1,3,10),(2,2,3,2);
/*!40000 ALTER TABLE `supplier_rating` ENABLE KEYS */;
UNLOCK TABLES;

--
-- Table structure for table `user`
--

DROP TABLE IF EXISTS `user`;
/*!40101 SET @saved_cs_client     = @@character_set_client */;
/*!40101 SET character_set_client = utf8 */;
CREATE TABLE `user` (
  `id` int(10) NOT NULL AUTO_INCREMENT,
  `forename` varchar(255) DEFAULT NULL,
  `surname` varchar(255) DEFAULT NULL,
  `email_address` varchar(255) NOT NULL,
  `password_hash` varchar(255) NOT NULL,
  `admin` int(1) NOT NULL DEFAULT '0',
  `admin_of_supplier_id` int(10) DEFAULT NULL,
  `created_on` datetime DEFAULT NULL,
  `updated_on` datetime DEFAULT NULL,
  `address_1` varchar(255) NOT NULL,
  `address_2` varchar(255) DEFAULT NULL,
  `address_city` varchar(255) DEFAULT NULL,
  `address_county` varchar(255) DEFAULT NULL,
  `address_postcode` varchar(255) NOT NULL,
  `telephone` varchar(255) DEFAULT NULL,
  `preferred_contact` varchar(255) DEFAULT 'email',
  `disabled` int(1) NOT NULL DEFAULT '0',
  PRIMARY KEY (`id`),
  UNIQUE KEY `email_address` (`email_address`)
) ENGINE=MyISAM AUTO_INCREMENT=4 DEFAULT CHARSET=latin1;
/*!40101 SET character_set_client = @saved_cs_client */;

--
-- Dumping data for table `user`
--

LOCK TABLES `user` WRITE;
/*!40000 ALTER TABLE `user` DISABLE KEYS */;
INSERT INTO `user` VALUES (1,'Robin','Winslow','robin@robinwinslow.co.uk','a339ed215078a584373ba569f46fc7ffea66bdad',1,2,'2010-08-09 13:18:02','2010-08-10 20:29:05','Brook House','','','','RG7 4LN','','email',0),(2,'test','test','test@test.com','a94a8fe5ccb19ba61c4c0873d391e987982fbbd3',0,NULL,'2010-08-09 12:54:40','2010-08-12 11:28:40','test','','','','RG7 4LN','','email',0),(3,'Tamsin','Alsbury','t.alsbury@energiseconsulting.com','ec2909d199d40d138be811dd8b16f53099720490',1,NULL,'2010-08-13 00:50:02','2010-08-13 00:50:02','Knowledge Centre, Wyboston Lakes','','','','MK44 3BY','','email',0);
/*!40000 ALTER TABLE `user` ENABLE KEYS */;
UNLOCK TABLES;
/*!40103 SET TIME_ZONE=@OLD_TIME_ZONE */;

/*!40101 SET SQL_MODE=@OLD_SQL_MODE */;
/*!40014 SET FOREIGN_KEY_CHECKS=@OLD_FOREIGN_KEY_CHECKS */;
/*!40014 SET UNIQUE_CHECKS=@OLD_UNIQUE_CHECKS */;
/*!40101 SET CHARACTER_SET_CLIENT=@OLD_CHARACTER_SET_CLIENT */;
/*!40101 SET CHARACTER_SET_RESULTS=@OLD_CHARACTER_SET_RESULTS */;
/*!40101 SET COLLATION_CONNECTION=@OLD_COLLATION_CONNECTION */;
/*!40111 SET SQL_NOTES=@OLD_SQL_NOTES */;

-- Dump completed on 2010-10-17  1:53:34
